Codice,Comune,Cod_prov,Provincia,Pop2011,Pop2014
03017064,CORZANO,17,BRESCIA,1358.0,1427.0
03017167,RUDIANO,17,BRESCIA,5861.0,5822.0
03017201,VILLANUOVA SUL CLISI,17,BRESCIA,5855.0,5778.0
03017084,IRMA,17,BRESCIA,152.0,128.0
03017102,MANERBA DEL GARDA,17,BRESCIA,4985.0,5290.0
03016001,ADRARA SAN MARTINO,16,BERGAMO,2171.0,2210.0
03017111,MONTE ISOLA,17,BRESCIA,1807.0,1767.0
03017045,CASTREZZATO,17,BRESCIA,7018.0,7095.0
03020070,VOLTA MANTOVANA,20,MANTOVA,7377.0,7399.0
03020034,MEDOLE,20,MANTOVA,4026.0,4070.0
03017067,DESENZANO DEL GARDA,17,BRESCIA,27229.0,28312.0
03020044,PONTI SUL MINCIO,20,MANTOVA,2322.0,2357.0
03013040,CAMPIONE D`ITALIA,13,COMO,2121.0,2038.0
03017193,VALLIO TERME,17,BRESCIA,1337.0,1437.0
03017077,GAVARDO,17,BRESCIA,11686.0,12051.0
03020018,CAVRIANA,20,MANTOVA,3913.0,3904.0
03016212,TELGATE,16,BERGAMO,4847.0,5029.0
03017149,PONTEVICO,17,BRESCIA,7221.0,7162.0
03017180,SOIANO DEL LAGO,17,BRESCIA,1863.0,1880.0
03017173,SAN ZENO NAVIGLIO,17,BRESCIA,4671.0,4686.0
03019069,PESCAROLO ED UNITI,19,CREMONA,1608.0,1573.0
03016044,CALCIO,16,BERGAMO,5410.0,5375.0
03017139,PERTICA ALTA,17,BRESCIA,612.0,571.0
03020012,CASALROMANO,20,MANTOVA,1578.0,1493.0
03020019,CERESARA,20,MANTOVA,2708.0,2695.0
03019110,TRIGOLO,19,CREMONA,1772.0,1744.0
03019028,CELLA DATI,19,CREMONA,558.0,539.0
03017137,PAVONE DEL MELLA,17,BRESCIA,2831.0,2792.0
03016137,MONASTEROLO DEL CASTELLO,16,BERGAMO,1119.0,1164.0
03017043,CASTENEDOLO,17,BRESCIA,11215.0,11411.0
03017021,BORGOSATOLLO,17,BRESCIA,9232.0,9249.0
03016026,BIANZANO,16,BERGAMO,604.0,632.0
03019040,DEROVERE,19,CREMONA,316.0,302.0
03017136,PASSIRANO,17,BRESCIA,7191.0,7141.0
03019019,CASALETTO DI SOPRA,19,CREMONA,548.0,574.0
03015236,VERNATE,15,MILANO,3189.0,3321.0
03019027,CASTELVISCONTI,19,CREMONA,333.0,326.0
03017023,BOTTICINO,17,BRESCIA,10792.0,10945.0
03017166,ROVATO,17,BRESCIA,18352.0,19218.0
03017113,MONTICHIARI,17,BRESCIA,23339.0,24953.0
03017119,NUVOLENTO,17,BRESCIA,4073.0,3986.0
03016128,LOVERE,16,BERGAMO,5428.0,5345.0
03019075,PIEVE SAN GIACOMO,19,CREMONA,1625.0,1627.0
03019083,RIVAROLO DEL RE ED UNITI,19,CREMONA,2091.0,2017.0
03017127,OSPITALETTO,17,BRESCIA,13974.0,14362.0
03017017,BERZO INFERIORE,17,BRESCIA,2439.0,2470.0
03017005,ANFO,17,BRESCIA,487.0,472.0
03019090,SAN GIOVANNI IN CROCE,19,CREMONA,1880.0,1916.0
03019037,CREMOSANO,19,CREMONA,1555.0,1761.0
03017071,FIESSE,17,BRESCIA,2198.0,2096.0
03016235,VIADANICA,16,BERGAMO,1142.0,1139.0
03020006,BORGOFRANCO SUL PO,20,MANTOVA,803.0,782.0
03017187,TOSCOLANO MADERNO,17,BRESCIA,8111.0,8083.0
03019093,SCANDOLARA RIPA D`OGLIO,19,CREMONA,626.0,563.0
03017003,AGNOSINE,17,BRESCIA,1839.0,1813.0
03016205,SPINONE AL LAGO,16,BERGAMO,1037.0,1018.0
03016094,ENTRATICO,16,BERGAMO,1887.0,1963.0
03017174,SAREZZO,17,BRESCIA,13430.0,13589.0
03019039,CUMIGNANO SUL NAVIGLIO,19,CREMONA,442.0,456.0
03019009,CALVATONE,19,CREMONA,1296.0,1208.0
03019107,TORRE DE` PICENARDI,19,CREMONA,1801.0,1769.0
03013050,CASASCO D`INTELVI,13,COMO,433.0,459.0
03020041,PIUBEGA,20,MANTOVA,1775.0,1737.0
03019052,GUSSOLA,19,CREMONA,2968.0,2796.0
03017185,TIGNALE,17,BRESCIA,1312.0,1274.0
03017026,BRANDICO,17,BRESCIA,1653.0,1655.0
03020053,ROVERBELLA,20,MANTOVA,8649.0,8680.0
03017108,MILZANO,17,BRESCIA,1815.0,1787.0
03016211,TAVERNOLA BERGAMASCA,16,BERGAMO,2146.0,2119.0
03017097,MACLODIO,17,BRESCIA,1514.0,1467.0
03017169,SALE MARASINO,17,BRESCIA,3387.0,3393.0
03020028,GUIDIZZOLO,20,MANTOVA,6185.0,6220.0
03020042,POGGIO RUSCO,20,MANTOVA,6649.0,6641.0
03019017,CASALE CREMASCO - VIDOLASCO,19,CREMONA,1855.0,1907.0
03017082,IDRO,17,BRESCIA,1893.0,1960.0
03017059,COLOGNE,17,BRESCIA,7600.0,7653.0
03020035,MOGLIA,20,MANTOVA,6064.0,5699.0
03013044,CARATE URIO,13,COMO,1216.0,1186.0
03017066,DELLO,17,BRESCIA,5575.0,5687.0
03019092,SCANDOLARA RAVARA,19,CREMONA,1520.0,1424.0
03017170,SALO`,17,BRESCIA,10740.0,10669.0
03019114,VOLONGO,19,CREMONA,571.0,535.0
03017190,TRENZANO,17,BRESCIA,5551.0,5429.0
03017088,LENO,17,BRESCIA,14561.0,14437.0
03017029,BRESCIA,17,BRESCIA,193879.0,196058.0
03017165,RONCADELLE,17,BRESCIA,9369.0,9553.0
03019108,TORRICELLA DEL PIZZO,19,CREMONA,693.0,634.0
03017011,BARBARIGA,17,BRESCIA,2410.0,2338.0
03016177,PUMENENGO,16,BERGAMO,1694.0,1729.0
03017098,MAGASA,17,BRESCIA,152.0,140.0
03017038,CAPRIOLO,17,BRESCIA,9322.0,9433.0
03017085,ISEO,17,BRESCIA,9205.0,9202.0
03017205,ZONE,17,BRESCIA,1110.0,1092.0
03020033,MARMIROLO,20,MANTOVA,7768.0,7844.0
03017073,GAMBARA,17,BRESCIA,4809.0,4700.0
03017062,CORTE FRANCA,17,BRESCIA,7189.0,7220.0
03017048,CELLATICA,17,BRESCIA,4943.0,4999.0
03019072,PIANENGO,19,CREMONA,2617.0,2570.0
03019005,BAGNOLO CREMASCO,19,CREMONA,4841.0,4814.0
03019041,DOVERA,19,CREMONA,3957.0,3908.0
03098041,MULAZZANO,98,LODI,5768.0,5761.0
03019102,SPINO D`ADDA,19,CREMONA,7007.0,6902.0
03015222,TRIBIANO,15,MILANO,3330.0,3501.0
03098061,ZELO BUON PERSICO,98,LODI,6860.0,7245.0
03015169,PAULLO,15,MILANO,11132.0,11334.0
03098039,MERLINO,98,LODI,1778.0,1796.0
03016019,BARBATA,16,BERGAMO,743.0,718.0
03017160,REMEDELLO,17,BRESCIA,3404.0,3380.0
03013119,LAGLIO,13,COMO,957.0,896.0
03017093,LONGHENA,17,BRESCIA,620.0,584.0
03015042,CALVIGNASCO,15,MILANO,1196.0,1193.0
03017114,MONTIRONE,17,BRESCIA,5094.0,5211.0
03020029,MAGNACAVALLO,20,MANTOVA,1696.0,1597.0
03016122,ISSO,16,BERGAMO,664.0,658.0
03020015,CASTEL GOFFREDO,20,MANTOVA,12094.0,12533.0
03017040,CASTEGNATO,17,BRESCIA,7987.0,8317.0
03017199,VILLA CARCINA,17,BRESCIA,10997.0,10983.0
03017177,SENIGA,17,BRESCIA,1615.0,1519.0
03020017,CASTIGLIONE DELLE STIVIERE,20,MANTOVA,22700.0,23157.0
03016204,SOVERE,16,BERGAMO,5486.0,5460.0
03016093,ENDINE GAIANO,16,BERGAMO,3553.0,3542.0
03020061,SERMIDE,20,MANTOVA,6428.0,6252.0
03017120,NUVOLERA,17,BRESCIA,4651.0,4685.0
03019010,CAMISANO,19,CREMONA,1311.0,1286.0
03017052,CHIARI,17,BRESCIA,18887.0,18813.0
03017134,PARATICO,17,BRESCIA,4444.0,4666.0
03017195,VEROLANUOVA,17,BRESCIA,8183.0,8250.0
03013186,POGNANA LARIO,13,COMO,793.0,747.0
03020063,SOLFERINO,20,MANTOVA,2628.0,2590.0
03017152,PRALBOINO,17,BRESCIA,2981.0,2992.0
03016179,RANZANICO,16,BERGAMO,1310.0,1226.0
03015085,CORBETTA,15,MILANO,17365.0,18177.0
03019030,CICOGNOLO,19,CREMONA,932.0,978.0
03017072,FLERO,17,BRESCIA,8525.0,8751.0
03017112,MONTICELLI BRUSATI,17,BRESCIA,4388.0,4532.0
03016076,CIVIDATE AL PIANO,16,BERGAMO,5194.0,5237.0
03017122,OFFLAGA,17,BRESCIA,4297.0,4176.0
03016159,PARZANICA,16,BERGAMO,375.0,371.0
03017138,SAN PAOLO,17,BRESCIA,4553.0,4526.0
03016055,CAROBBIO DEGLI ANGELI,16,BERGAMO,4619.0,4671.0
03016158,PARRE,16,BERGAMO,2815.0,2762.0
03013122,LANZO D`INTELVI,13,COMO,1452.0,1447.0
03015012,BAREGGIO,15,MILANO,17254.0,17435.0
03020050,RIVAROLO MANTOVANO,20,MANTOVA,2661.0,2576.0
03019047,GENIVOLTA,19,CREMONA,1188.0,1246.0
03017130,PADERNO FRANCIACORTA,17,BRESCIA,3765.0,3763.0
03019004,AZZANELLO,19,CREMONA,744.0,675.0
03019071,PIADENA,19,CREMONA,3645.0,3589.0
03017074,GARDONE RIVIERA,17,BRESCIA,2757.0,2661.0
03019008,CA` D`ANDREA,19,CREMONA,482.0,431.0
03017086,ISORELLA,17,BRESCIA,4218.0,4116.0
03017007,ARTOGNE,17,BRESCIA,3545.0,3669.0
03017178,SERLE,17,BRESCIA,3119.0,3063.0
03020032,MARIANA MANTOVANA,20,MANTOVA,729.0,730.0
03098047,SAN FIORANO,98,LODI,1811.0,1845.0
03098026,FOMBIO,98,LODI,2278.0,2313.0
03098022,CORNO GIOVINE,98,LODI,1196.0,1186.0
03098033,MACCASTORNA,98,LODI,68.0,65.0
03098023,CORNOVECCHIO,98,LODI,239.0,218.0
03098053,SENNA LODIGIANA,98,LODI,2051.0,1923.0
03017090,LODRINO,17,BRESCIA,1795.0,1692.0
03017182,SULZANO,17,BRESCIA,1956.0,1954.0
03017109,MONIGA DEL GARDA,17,BRESCIA,2457.0,2504.0
03019034,CREDERA RUBBIANO,19,CREMONA,1654.0,1643.0
03017030,BRIONE,17,BRESCIA,703.0,720.0
03017158,PUEGNAGO SUL GARDA,17,BRESCIA,3258.0,3420.0
03015078,CISLIANO,15,MILANO,4057.0,4732.0
03017157,PROVAGLIO VAL SABBIA,17,BRESCIA,969.0,925.0
03013035,CABIATE,13,COMO,7394.0,7549.0
03016242,VILLONGO,16,BERGAMO,7770.0,7952.0
03020060,SCHIVENOGLIA,20,MANTOVA,1281.0,1183.0
03017150,PONTOGLIO,17,BRESCIA,7009.0,6981.0
03016033,BOSSICO,16,BERGAMO,977.0,985.0
03019022,CASALMORANO,19,CREMONA,1681.0,1657.0
03017092,LONATO DEL GARDA,17,BRESCIA,15744.0,16175.0
03017019,BIONE,17,BRESCIA,1471.0,1408.0
03016073,CHIUDUNO,16,BERGAMO,5861.0,5948.0
03016097,FARA OLIVANA CON SOLA,16,BERGAMO,1329.0,1305.0
03017058,COLLIO,17,BRESCIA,2292.0,2128.0
03016200,SOLTO COLLINA,16,BERGAMO,1709.0,1782.0
03016133,MARTINENGO,16,BERGAMO,10121.0,10370.0
03017079,GIANICO,17,BRESCIA,2219.0,2135.0
03017078,GHEDI,17,BRESCIA,18694.0,18985.0
03016101,FONTANELLA,16,BERGAMO,4339.0,4548.0
03017159,QUINZANO D`OGLIO,17,BRESCIA,6483.0,6355.0
03098038,MELETI,98,LODI,475.0,469.0
03019104,TICENGO,19,CREMONA,444.0,445.0
03019023,CASTELDIDONE,19,CREMONA,592.0,590.0
03019096,SOLAROLO RAINERIO,19,CREMONA,1017.0,978.0
03098054,SOMAGLIA,98,LODI,3708.0,3825.0
03098043,OSPEDALETTO LODIGIANO,98,LODI,1947.0,1895.0
03098035,MALEO,98,LODI,3280.0,3180.0
03098019,CODOGNO,98,LODI,15765.0,15873.0
03015191,SAN COLOMBANO AL LAMBRO,15,MILANO,7468.0,7399.0
03098030,LIVRAGA,98,LODI,2611.0,2609.0
03019076,PIZZIGHETTONE,19,CREMONA,6730.0,6593.0
03098057,TERRANOVA DEI PASSERINI,98,LODI,914.0,898.0
03098007,CAMAIRAGO,98,LODI,686.0,679.0
03098028,GRAFFIGNANA,98,LODI,2680.0,2680.0
03098010,CASALPUSTERLENGO,98,LODI,15302.0,15266.0
03098004,BORGHETTO LODIGIANO,98,LODI,4417.0,4474.0
03098006,BREMBIO,98,LODI,2707.0,2690.0
03098052,SECUGNAGO,98,LODI,2023.0,2040.0
03098014,CASTIGLIONE D`ADDA,98,LODI,4939.0,4739.0
03019044,FORMIGARA,19,CREMONA,1146.0,1086.0
03098060,VILLANOVA DEL SILLARO,98,LODI,1824.0,1845.0
03098044,OSSAGO LODIGIANO,98,LODI,1442.0,1453.0
03098050,SANT`ANGELO LODIGIANO,98,LODI,13279.0,13181.0
03098036,MARUDO,98,LODI,1556.0,1660.0
03098002,BERTONICO,98,LODI,1190.0,1159.0
03098059,VALERA FRATTA,98,LODI,1653.0,1675.0
03019049,GOMBITO,19,CREMONA,653.0,633.0
03098034,MAIRAGO,98,LODI,1429.0,1408.0
03098058,TURANO LODIGIANO,98,LODI,1576.0,1560.0
03098037,MASSALENGO,98,LODI,4257.0,4538.0
03098015,CASTIRAGA VIDARDO,98,LODI,2623.0,2728.0
03098012,CASELLE LURANI,98,LODI,3155.0,3060.0
03098005,BORGO SAN GIOVANNI,98,LODI,2180.0,2359.0
03098045,PIEVE FISSIRAGA,98,LODI,1680.0,1779.0
03098021,CORNEGLIANO LAUDENSE,98,LODI,2881.0,2946.0
03098048,SAN MARTINO IN STRADA,98,LODI,3624.0,3663.0
03019059,MONTODINE,19,CREMONA,2609.0,2544.0
03098046,SALERANO SUL LAMBRO,98,LODI,2683.0,2663.0
03098017,CAVENAGO D`ADDA,98,LODI,2294.0,2248.0
03019060,MOSCAZZANO,19,CREMONA,841.0,813.0
03098008,CASALETTO LODIGIANO,98,LODI,2719.0,2997.0
03019080,RIPALTA ARPINA,19,CREMONA,1054.0,1016.0
03018009,BASCAPE`,18,PAVIA,1777.0,1717.0
03019018,CASALETTO CEREDANO,19,CREMONA,1188.0,1187.0
03098001,ABBADIA CERRETO,98,LODI,293.0,297.0
03098024,CORTE PALASIO,98,LODI,1597.0,1549.0
03015202,SAN ZENONE AL LAMBRO,15,MILANO,4193.0,4335.0
03098055,SORDIO,98,LODI,3120.0,3299.0
03098040,MONTANASO LOMBARDO,98,LODI,2203.0,2296.0
03098031,LODI,98,LODI,44401.0,44769.0
03015071,CERRO AL LAMBRO,15,MILANO,4925.0,5070.0
03098056,TAVAZZANO CON VILLAVESCO,98,LODI,6125.0,6164.0
03098025,CRESPIATICA,98,LODI,2186.0,2193.0
03098027,GALGAGNANO,98,LODI,1214.0,1253.0
03098009,CASALMAIOCCO,98,LODI,3108.0,3130.0
03015244,VIZZOLO PREDABISSI,15,MILANO,3979.0,3903.0
03019029,CHIEVE,19,CREMONA,2255.0,2292.0
03098003,BOFFALORA D`ADDA,98,LODI,1694.0,1761.0
03019058,MONTE CREMASCO,19,CREMONA,2351.0,2317.0
03098018,CERVIGNANO D`ADDA,98,LODI,2084.0,2193.0
03016219,TREVIGLIO,16,BERGAMO,29034.0,29494.0
03016129,LURANO,16,BERGAMO,2566.0,2749.0
03016011,ARCENE,16,BERGAMO,4774.0,4787.0
03016167,POGNANO,16,BERGAMO,1571.0,1608.0
03016206,SPIRANO,16,BERGAMO,5652.0,5698.0
03016233,VERDELLO,16,BERGAMO,7829.0,8021.0
03019094,SERGNANO,19,CREMONA,3675.0,3648.0
03019084,RIVOLTA D`ADDA,19,CREMONA,8056.0,8080.0
03019091,SAN MARTINO DEL LAGO,19,CREMONA,489.0,443.0
03017188,TRAVAGLIATO,17,BRESCIA,13415.0,13884.0
03019045,GABBIONETA BINANUOVA,19,CREMONA,955.0,881.0
03015200,SANTO STEFANO TICINO,15,MILANO,4731.0,5013.0
03017144,POLAVENO,17,BRESCIA,2715.0,2592.0
03019064,OSTIANO,19,CREMONA,3067.0,2990.0
03015164,OSSONA,15,MILANO,4150.0,4292.0
03017012,BARGHE,17,BRESCIA,1195.0,1204.0
03013030,BRIENNO,13,COMO,420.0,361.0
03017132,PAITONE,17,BRESCIA,2043.0,2164.0
03016109,GANDOSSO,16,BERGAMO,1527.0,1505.0
03020049,REVERE,20,MANTOVA,2594.0,2543.0
03019043,FIESCO,19,CREMONA,1179.0,1226.0
03017145,POLPENAZZE DEL GARDA,17,BRESCIA,2572.0,2610.0
03016183,ROMANO DI LOMBARDIA,16,BERGAMO,19049.0,19914.0
03017008,AZZANO MELLA,17,BRESCIA,2900.0,3141.0
03017117,NAVE,17,BRESCIA,11142.0,11054.0
03016086,COSTA VOLPINO,16,BERGAMO,9333.0,9266.0
03016088,CREDARO,16,BERGAMO,3400.0,3537.0
03017161,REZZATO,17,BRESCIA,13429.0,13510.0
03019024,CASTEL GABBIANO,19,CREMONA,474.0,470.0
03017123,OME,17,BRESCIA,3273.0,3196.0
03098016,CAVACURTA,98,LODI,876.0,833.0
03019081,RIPALTA CREMASCA,19,CREMONA,3409.0,3463.0
03019031,CINGIA DE` BOTTI,19,CREMONA,1325.0,1295.0
03098049,SAN ROCCO AL PORTO,98,LODI,3578.0,3520.0
03098029,GUARDAMIGLIO,98,LODI,2722.0,2718.0
03098011,CASELLE LANDI,98,LODI,1687.0,1612.0
03098013,CASTELNUOVO BOCCA D`ADDA,98,LODI,1698.0,1644.0
03098051,SANTO STEFANO LODIGIANO,98,LODI,1929.0,1944.0
03098032,LODI VECCHIO,98,LODI,7401.0,7515.0
03017203,VISANO,17,BRESCIA,1953.0,2028.0
03017042,CASTEL MELLA,17,BRESCIA,10803.0,11077.0
03015101,DRESANO,15,MILANO,2992.0,3085.0
03019111,VAIANO CREMASCO,19,CREMONA,3919.0,3818.0
03019088,SAN BASSANO,19,CREMONA,2227.0,2195.0
03015051,CARUGATE,15,MILANO,14540.0,14977.0
03015014,BASIANO,15,MILANO,3686.0,3664.0
03108017,CAVENAGO DI BRIANZA,108,MONZA E DELLA BRIANZA,6807.0,7245.0
03014016,CEDRASCO,14,SONDRIO,471.0,471.0
03014011,CAIOLO,14,SONDRIO,1017.0,1068.0
03014053,POSTALESIO,14,SONDRIO,662.0,671.0
03014062,SPRIANA,14,SONDRIO,105.0,96.0
03014007,BERBENNO DI VALTELLINA,14,SONDRIO,4367.0,4246.0
03014067,TORRE DI SANTA MARIA,14,SONDRIO,839.0,791.0
03014013,CASPOGGIO,14,SONDRIO,1513.0,1427.0
03015172,PESSANO CON BORNAGO,15,MILANO,9121.0,9125.0
03015106,GESSATE,15,MILANO,8690.0,8902.0
03015044,CAMBIAGO,15,MILANO,6498.0,6805.0
03015060,CASSINA DE PECCHI,15,MILANO,13130.0,13619.0
03014002,ALBOSAGGIA,14,SONDRIO,3170.0,3128.0
03014028,FAEDO VALTELLINO,14,SONDRIO,558.0,568.0
03014023,COLORINA,14,SONDRIO,1484.0,1431.0
03015040,BUSSERO,15,MILANO,8645.0,8594.0
03020062,SERRAVALLE A PO,20,MANTOVA,1650.0,1559.0
03020004,BIGARELLO,20,MANTOVA,2171.0,2118.0
03016051,CAPRIATE SAN GERVASIO,16,BERGAMO,7819.0,8006.0
03016153,OSIO SOTTO,16,BERGAMO,11890.0,12290.0
03014051,POGGIRIDENTI,14,SONDRIO,1910.0,1894.0
03014061,SONDRIO,14,SONDRIO,22365.0,21891.0
03014015,CASTIONE ANDEVENNO,14,SONDRIO,1554.0,1558.0
03017028,BRENO,17,BRESCIA,4965.0,4891.0
03015122,LISCATE,15,MILANO,4060.0,4121.0
03015237,VIGNATE,15,MILANO,9064.0,9249.0
03098020,COMAZZO,98,LODI,2155.0,2243.0
03016227,VALNEGRA,16,BERGAMO,209.0,201.0
03016136,MOIO DE` CALVI,16,BERGAMO,208.0,223.0
03016166,PIAZZOLO,16,BERGAMO,86.0,85.0
03016165,PIAZZATORRE,16,BERGAMO,444.0,417.0
03016226,VALLEVE,16,BERGAMO,137.0,139.0
03014064,TARTANO,14,SONDRIO,194.0,193.0
03016121,ISOLA DI FONDRA,16,BERGAMO,189.0,192.0
03016036,BRANZI,16,BERGAMO,727.0,721.0
03016103,FOPPOLO,16,BERGAMO,206.0,195.0
03014063,TALAMONA,14,SONDRIO,4767.0,4722.0
03014029,FORCOLA,14,SONDRIO,842.0,820.0
03014030,FUSINE,14,SONDRIO,633.0,582.0
03016184,RONCOBELLO,16,BERGAMO,436.0,433.0
03016004,ALBINO,16,BERGAMO,18186.0,18171.0
03016197,SELVINO,16,BERGAMO,2015.0,1998.0
03016015,AVIATICO,16,BERGAMO,525.0,537.0
03016236,VIGANO SAN MARTINO,16,BERGAMO,1260.0,1322.0
03016032,BORGO DI TERZO,16,BERGAMO,1134.0,1148.0
03016130,LUZZANA,16,BERGAMO,868.0,908.0
03016110,GAVERINA TERME,16,BERGAMO,931.0,914.0
03016058,CASAZZA,16,BERGAMO,4053.0,4061.0
03020068,VILLIMPENTA,20,MANTOVA,2261.0,2232.0
03020014,CASTEL D`ARIO,20,MANTOVA,4882.0,4762.0
03020047,QUISTELLO,20,MANTOVA,5856.0,5705.0
03020046,QUINGENTOLE,20,MANTOVA,1220.0,1217.0
03019013,CAPPELLA CANTONE,19,CREMONA,590.0,566.0
03019025,CASTELLEONE,19,CREMONA,9603.0,9537.0
03019082,RIPALTA GUERINA,19,CREMONA,529.0,528.0
03019055,MADIGNANO,19,CREMONA,2992.0,2929.0
03019012,CAPERGNANICA,19,CREMONA,2094.0,2152.0
03015050,CARPIANO,15,MILANO,3916.0,4116.0
03015140,MELEGNANO,15,MILANO,17260.0,17537.0
03019035,CREMA,19,CREMONA,34144.0,34212.0
03015082,COLTURANO,15,MILANO,1975.0,2077.0
03019067,PANDINO,19,CREMONA,9147.0,8984.0
03019066,PALAZZO PIGNANO,19,CREMONA,3916.0,3832.0
03019109,TRESCORE CREMASCO,19,CREMONA,2931.0,2901.0
03015139,MEDIGLIA,15,MILANO,12187.0,12163.0
03015167,PANTIGLIATE,15,MILANO,5983.0,6036.0
03015136,MASATE,15,MILANO,3363.0,3508.0
03015210,SETTALA,15,MILANO,7465.0,7436.0
03015070,CERNUSCO SUL NAVIGLIO,15,MILANO,31058.0,33009.0
03015185,RODANO,15,MILANO,4457.0,4638.0
03015108,GORGONZOLA,15,MILANO,19649.0,20076.0
03015016,BELLINZAGO LOMBARDO,15,MILANO,3830.0,3875.0
03015142,MELZO,15,MILANO,18513.0,18523.0
03108052,CAPONAGO,108,MONZA E DELLA BRIANZA,5199.0,5288.0
03013157,MONTORFANO,13,COMO,2696.0,2635.0
03013004,ALBESE CON CASSANO,13,COMO,4139.0,4254.0
03013101,FIGINO SERENZA,13,COMO,5243.0,5233.0
03017118,NIARDO,17,BRESCIA,1944.0,1999.0
03017027,BRAONE,17,BRESCIA,673.0,654.0
03017054,CIMBERGO,17,BRESCIA,579.0,547.0
03017135,PASPARDO,17,BRESCIA,654.0,621.0
03017047,CEDEGOLO,17,BRESCIA,1256.0,1233.0
03017051,CEVO,17,BRESCIA,949.0,907.0
03017018,BIENNO,17,BRESCIA,3615.0,3521.0
03017154,PRESTINE,17,BRESCIA,402.0,382.0
03019001,ACQUANEGRA CREMONESE,19,CREMONA,1327.0,1187.0
03019050,GRONTARDO,19,CREMONA,1465.0,1462.0
03019077,POZZAGLIO ED UNITI,19,CREMONA,1451.0,1470.0
03019015,CAPRALBA,19,CREMONA,2479.0,2417.0
03019112,VAILATE,19,CREMONA,4499.0,4596.0
03016135,MISANO DI GERA D`ADDA,16,BERGAMO,2986.0,2986.0
03016047,CALVENZANO,16,BERGAMO,4030.0,4207.0
03016053,CARAVAGGIO,16,BERGAMO,16228.0,16042.0
03015059,CASSANO D`ADDA,15,MILANO,18767.0,18800.0
03015103,GAGGIANO,15,MILANO,8975.0,9060.0
03016059,CASIRATE D`ADDA,16,BERGAMO,3956.0,4091.0
03015074,CESANO BOSCONE,15,MILANO,23935.0,23535.0
03015158,NOVIGLIO,15,MILANO,4459.0,4553.0
03015189,ROZZANO,15,MILANO,41363.0,42593.0
03015115,LACCHIARELLA,15,MILANO,8480.0,8932.0
03015015,BASIGLIO,15,MILANO,8003.0,7750.0
03015024,BINASCO,15,MILANO,7268.0,7239.0
03015097,CUSAGO,15,MILANO,3547.0,3811.0
03016063,CASTEL ROZZONE,16,BERGAMO,2918.0,2941.0
03016040,BRIGNANO GERA D`ADDA,16,BERGAMO,5901.0,5988.0
03015242,VIMODRONE,15,MILANO,16612.0,17063.0
03015036,BUCCINASCO,15,MILANO,26937.0,27123.0
03015220,TREZZANO SUL NAVIGLIO,15,MILANO,19350.0,20696.0
03015093,CORSICO,15,MILANO,34507.0,35233.0
03015032,BRESSO,15,MILANO,26399.0,26255.0
03015209,SESTO SAN GIOVANNI,15,MILANO,81130.0,81490.0
03015081,COLOGNO MONZESE,15,MILANO,47794.0,47942.0
03015205,SEGRATE,15,MILANO,34352.0,34908.0
03016105,FORNOVO SAN GIOVANNI,16,BERGAMO,3305.0,3440.0
03016114,GORLAGO,16,BERGAMO,5062.0,5186.0
03016218,TRESCORE BALNEARIO,16,BERGAMO,9685.0,9968.0
03016069,CENATE SOTTO,16,BERGAMO,3463.0,3688.0
03016240,VILLA DI SERIO,16,BERGAMO,6608.0,6632.0
03016173,PRADALUNGA,16,BERGAMO,4593.0,4678.0
03016152,OSIO SOPRA,16,BERGAMO,5115.0,5222.0
03018043,CERANOVA,18,PAVIA,1834.0,2081.0
03018176,VIDIGULFO,18,PAVIA,6016.0,6264.0
03018160,TORREVECCHIA PIA,18,PAVIA,3409.0,3522.0
03018150,SIZIANO,18,PAVIA,5908.0,5939.0
03018078,LANDRIANO,18,PAVIA,6121.0,6302.0
03015173,PIEVE EMANUELE,15,MILANO,14887.0,16179.0
03018099,MONTICELLI PAVESE,18,PAVIA,737.0,691.0
03015055,CASARILE,15,MILANO,3915.0,4069.0
03018006,BADIA PAVESE,18,PAVIA,407.0,385.0
03018058,COSTA DE` NOBILI,18,PAVIA,360.0,361.0
03018139,SANTA CRISTINA E BISSONE,18,PAVIA,2026.0,2010.0
03098042,ORIO LITTA,98,LODI,2036.0,2052.0
03018048,CHIGNOLO PO,18,PAVIA,4109.0,4049.0
03018093,MIRADOLO TERME,18,PAVIA,3817.0,3801.0
03019033,CORTE DE` FRATI,19,CREMONA,1453.0,1412.0
03017010,BAGOLINO,17,BRESCIA,3968.0,3924.0
03019103,STAGNO LOMBARDO,19,CREMONA,1544.0,1564.0
03019048,GERRE DE`CAPRIOLI,19,CREMONA,1322.0,1300.0
03019006,BONEMERSE,19,CREMONA,1484.0,1528.0
03019056,MALAGNINO,19,CREMONA,1457.0,1671.0
03019100,SPINADESCO,19,CREMONA,1582.0,1549.0
03019036,CREMONA,19,CREMONA,72147.0,71657.0
03019046,GADESCO PIEVE DELMONA,19,CREMONA,2028.0,2027.0
03019068,PERSICO DOSIMO,19,CREMONA,3370.0,3422.0
03019095,SESTO ED UNITI,19,CREMONA,3000.0,3138.0
03019026,CASTELVERDE,19,CREMONA,5664.0,5791.0
03019074,PIEVE D`OLMI,19,CREMONA,1297.0,1323.0
03019099,SOSPIRO,19,CREMONA,3086.0,3186.0
03019113,VESCOVATO,19,CREMONA,4040.0,3946.0
03019038,CROTTA D`ADDA,19,CREMONA,678.0,665.0
03019065,PADERNO PONCHIELLI,19,CREMONA,1499.0,1460.0
03019003,ANNICCO,19,CREMONA,2097.0,2095.0
03019051,GRUMELLO CREMONESE ED UNITI,19,CREMONA,1908.0,1823.0
03019063,OLMENETA,19,CREMONA,957.0,976.0
03019016,CASALBUTTANO ED UNITI,19,CREMONA,4112.0,3969.0
03016096,FARA GERA D`ADDA,16,BERGAMO,7970.0,7975.0
03016172,PONTIROLO NUOVO,16,BERGAMO,5102.0,5008.0
03016154,PAGAZZANO,16,BERGAMO,2103.0,2083.0
03019073,PIERANICA,19,CREMONA,1181.0,1182.0
03019078,QUINTANO,19,CREMONA,927.0,947.0
03019020,CASALETTO VAPRIO,19,CREMONA,1784.0,1789.0
03019105,TORLINO VIMERCATI,19,CREMONA,445.0,472.0
03019011,CAMPAGNOLA CREMASCA,19,CREMONA,694.0,679.0
03016013,ARZAGO D`ADDA,16,BERGAMO,2811.0,2709.0
03019002,AGNADELLO,19,CREMONA,3776.0,3858.0
03016142,MOZZANICA,16,BERGAMO,4619.0,4633.0
03016020,BARIANO,16,BERGAMO,4431.0,4387.0
03015178,POZZUOLO MARTESANA,15,MILANO,7991.0,8384.0
03015230,VAPRIO D`ADDA,15,MILANO,8045.0,8715.0
03015224,TRUCCAZZANO,15,MILANO,5982.0,6041.0
03015114,INZAGO,15,MILANO,10541.0,10932.0
03015177,POZZO D`ADDA,15,MILANO,5523.0,5950.0
03016075,CISERANO,16,BERGAMO,5769.0,5820.0
03016029,BOLTIERE,16,BERGAMO,5757.0,6018.0
03016037,BREMBATE,16,BERGAMO,8234.0,8606.0
03016140,MORENGO,16,BERGAMO,2600.0,2563.0
03016079,COLOGNO AL SERIO,16,BERGAMO,10759.0,11097.0
03016049,CANONICA D`ADDA,16,BERGAMO,4455.0,4455.0
03016100,FIORANO AL SERIO,16,BERGAMO,3097.0,3021.0
03016067,CAZZANO SANT`ANDREA,16,BERGAMO,1604.0,1661.0
03016124,LEFFE,16,BERGAMO,4730.0,4573.0
03016070,CENE,16,BERGAMO,4225.0,4276.0
03016168,PONTE NOSSA,16,BERGAMO,1923.0,1824.0
03016111,GAZZANIGA,16,BERGAMO,5161.0,5134.0
03016249,CORNALBA,16,BERGAMO,310.0,307.0
03016175,PREMOLO,16,BERGAMO,1166.0,1143.0
03016146,OLTRE IL COLLE,16,BERGAMO,1062.0,1032.0
03018070,GENZONE,18,PAVIA,374.0,355.0
03018053,COPIANO,18,PAVIA,1801.0,1696.0
03018071,GERENZAGO,18,PAVIA,1379.0,1404.0
03018181,VISTARINO,18,PAVIA,1569.0,1580.0
03018085,MAGHERNO,18,PAVIA,1619.0,1706.0
03018180,VILLANTERIO,18,PAVIA,3226.0,3269.0
03018077,INVERNO E MONTELEONE,18,PAVIA,1317.0,1474.0
03018157,TORRE D`ARESE,18,PAVIA,980.0,977.0
03018087,MARZANO,18,PAVIA,1608.0,1673.0
03018011,BASTIDA PANCARANA,18,PAVIA,1047.0,1047.0
03018151,SOMMO,18,PAVIA,1132.0,1142.0
03018030,CARBONARA AL TICINO,18,PAVIA,1550.0,1584.0
03016245,ZANICA,16,BERGAMO,8190.0,8590.0
03018129,RONCARO,18,PAVIA,1327.0,1540.0
03018179,VILLANOVA D`ARDENGHI,18,PAVIA,786.0,779.0
03016117,GRASSOBBIO,16,BERGAMO,6322.0,6437.0
03016066,CAVERNAGO,16,BERGAMO,2450.0,2627.0
03016043,CALCINATE,16,BERGAMO,5878.0,5932.0
03016018,BAGNATICA,16,BERGAMO,4190.0,4300.0
03016084,COSTA DI MEZZATE,16,BERGAMO,3369.0,3368.0
03016139,MONTELLO,16,BERGAMO,3253.0,3233.0
03016042,BRUSAPORTO,16,BERGAMO,5354.0,5562.0
03016003,ALBANO SANT`ALESSANDRO,16,BERGAMO,8075.0,8258.0
03016160,PEDRENGO,16,BERGAMO,5777.0,6078.0
03016189,SAN PAOLO D`ARGON,16,BERGAMO,5435.0,5546.0
03016216,TORRE DE` ROVERI,16,BERGAMO,2326.0,2416.0
03016194,SCANZOROSCIATE,16,BERGAMO,9843.0,10114.0
03016077,CLUSONE,16,BERGAMO,8793.0,8599.0
03016241,VILLA D`OGNA,16,BERGAMO,1982.0,1929.0
03016012,ARDESIO,16,BERGAMO,3651.0,3555.0
03016225,VALGOGLIO,16,BERGAMO,616.0,601.0
03016107,GANDELLINO,16,BERGAMO,1065.0,1026.0
03016222,URGNANO,16,BERGAMO,9592.0,9750.0
03016113,GHISALBA,16,BERGAMO,5945.0,6155.0
03016028,BOLGARE,16,BERGAMO,5698.0,6081.0
03016141,MORNICO AL SERIO,16,BERGAMO,2897.0,2958.0
03016157,PALOSCO,16,BERGAMO,5801.0,5851.0
03016232,VERDELLINO,16,BERGAMO,7790.0,7687.0
03015247,ZIBIDO SAN GIACOMO,15,MILANO,6734.0,6866.0
03015011,ASSAGO,15,MILANO,8168.0,8754.0
03015192,SAN DONATO MILANESE,15,MILANO,32702.0,32221.0
03015171,PESCHIERA BORROMEO,15,MILANO,22774.0,23077.0
03015159,OPERA,15,MILANO,13840.0,13772.0
03018141,SANT`ALESSIO CON VIALONE,18,PAVIA,845.0,951.0
03018135,SAN GENESIO ED UNITI,18,PAVIA,3791.0,3842.0
03018072,GIUSSAGO,18,PAVIA,5038.0,5160.0
03018127,ROGNANO,18,PAVIA,618.0,650.0
03018173,VELLEZZO BELLINI,18,PAVIA,3044.0,3213.0
03018015,BORGARELLO,18,PAVIA,2689.0,2731.0
03016080,COLZATE,16,BERGAMO,1674.0,1671.0
03016060,CASNIGO,16,BERGAMO,3343.0,3315.0
03018019,BORNASCO,18,PAVIA,2607.0,2636.0
03018086,MARCIGNAGO,18,PAVIA,2488.0,2488.0
03018046,CERTOSA DI PAVIA,18,PAVIA,4967.0,5304.0
03018012,BATTUDA,18,PAVIA,599.0,679.0
03018080,LARDIRAGO,18,PAVIA,1227.0,1205.0
03018185,ZECCONE,18,PAVIA,1694.0,1747.0
03016234,VERTOVA,16,BERGAMO,4871.0,4786.0
03016116,GORNO,16,BERGAMO,1684.0,1624.0
03016148,ONETA,16,BERGAMO,661.0,624.0
03016081,COMUN NUOVO,16,BERGAMO,4144.0,4279.0
03016126,LEVATE,16,BERGAMO,3813.0,3837.0
03016178,RANICA,16,BERGAMO,6018.0,6020.0
03018163,TRIVOLZIO,18,PAVIA,1986.0,2157.0
03018165,TROVO,18,PAVIA,1013.0,1046.0
03014038,LOVERO,14,SONDRIO,670.0,664.0
03014066,TIRANO,14,SONDRIO,9238.0,9160.0
03014059,SERNIO,14,SONDRIO,503.0,498.0
03014076,VERVIO,14,SONDRIO,216.0,218.0
03017083,INCUDINE,17,BRESCIA,400.0,393.0
03014040,MAZZO DI VALTELLINA,14,SONDRIO,1061.0,1046.0
03018188,ZERBO,18,PAVIA,444.0,434.0
03017206,PIANCOGNO,17,BRESCIA,4707.0,4722.0
03016182,ROGNO,16,BERGAMO,3966.0,3971.0
03017065,DARFO BOARIO TERME,17,BRESCIA,15751.0,15627.0
03016201,SONGAVAZZO,16,BERGAMO,701.0,725.0
03016149,ONORE,16,BERGAMO,835.0,867.0
03016099,FINO DEL MONTE,16,BERGAMO,1153.0,1128.0
03016108,GANDINO,16,BERGAMO,5697.0,5471.0
03016071,CERETE,16,BERGAMO,1669.0,1639.0
03018034,CASORATE PRIMO,18,PAVIA,8425.0,8624.0
03015246,ZELO SURRIGONE,15,MILANO,1377.0,1711.0
03015035,BUBBIANO,15,MILANO,2193.0,2405.0
03015112,GUDO VISCONTI,15,MILANO,1720.0,1681.0
03015235,VERMEZZO,15,MILANO,3897.0,3938.0
03015188,ROSATE,15,MILANO,5442.0,5590.0
03015005,ALBAIRATE,15,MILANO,4680.0,4702.0
03015184,ROBECCO SUL NAVIGLIO,15,MILANO,6929.0,6845.0
03015061,CASSINETTA DI LUGAGNANO,15,MILANO,1879.0,1919.0
03017006,ANGOLO TERME,17,BRESCIA,2563.0,2459.0
03016064,CASTIONE DELLA PRESOLANA,16,BERGAMO,3476.0,3440.0
03016187,ROVETTA,16,BERGAMO,3966.0,4080.0
03016147,OLTRESSENDA ALTA,16,BERGAMO,186.0,171.0
03016078,COLERE,16,BERGAMO,1141.0,1144.0
03017022,BORNO,17,BRESCIA,2672.0,2644.0
03016118,GROMO,16,BERGAMO,1252.0,1227.0
03016017,AZZONE,16,BERGAMO,437.0,412.0
03017128,OSSIMO,17,BRESCIA,1462.0,1465.0
03017095,LOZIO,17,BRESCIA,416.0,417.0
03017049,CERVENO,17,BRESCIA,674.0,662.0
03017068,EDOLO,17,BRESCIA,4558.0,4570.0
03014068,TOVO DI SANT`AGATA,14,SONDRIO,630.0,626.0
03016068,CENATE SOPRA,16,BERGAMO,2524.0,2549.0
03018156,TORRE BERETTI E CASTELLARO,18,PAVIA,606.0,581.0
03018146,SARTIRANA LOMELLINA,18,PAVIA,1787.0,1664.0
03018022,BREME,18,PAVIA,872.0,806.0
03018148,SEMIANA,18,PAVIA,251.0,232.0
03018168,VALLE LOMELLINA,18,PAVIA,2241.0,2192.0
03018172,VELEZZO LOMELLINA,18,PAVIA,103.0,100.0
03018001,ALAGNA,18,PAVIA,906.0,878.0
03018136,SAN GIORGIO DI LOMELLINA,18,PAVIA,1189.0,1120.0
03018027,CANDIA LOMELLINA,18,PAVIA,1688.0,1572.0
03018045,CERGNAGO,18,PAVIA,769.0,748.0
03018186,ZEME,18,PAVIA,1134.0,1074.0
03018104,OLEVANO DI LOMELLINA,18,PAVIA,806.0,739.0
03017116,MUSCOLINE,17,BRESCIA,2573.0,2640.0
03019087,SALVIROLA,19,CREMONA,1176.0,1169.0
03017041,CASTELCOVATI,17,BRESCIA,6564.0,6611.0
03020010,CASALMORO,20,MANTOVA,2243.0,2287.0
03017089,LIMONE SUL GARDA,17,BRESCIA,1164.0,1176.0
03017070,ESINE,17,BRESCIA,5384.0,5337.0
03016217,TORRE PALLAVICINA,16,BERGAMO,1138.0,1079.0
03017107,MAZZANO,17,BRESCIA,11713.0,12160.0
03016087,COVO,16,BERGAMO,4140.0,4057.0
03016237,VIGOLO,16,BERGAMO,603.0,592.0
03016174,PREDORE,16,BERGAMO,1895.0,1831.0
03017163,RODENGO - SAIANO,17,BRESCIA,8858.0,9465.0
03017069,ERBUSCO,17,BRESCIA,8656.0,8660.0
03013063,CERANO INTELVI,13,COMO,550.0,540.0
03017056,COCCAGLIO,17,BRESCIA,8575.0,8772.0
03017103,MANERBIO,17,BRESCIA,13273.0,13075.0
03016163,PIARIO,16,BERGAMO,1106.0,1107.0
03017081,GUSSAGO,17,BRESCIA,16759.0,16786.0
03016104,FORESTO SPARSO,16,BERGAMO,3151.0,3131.0
03019079,RICENGO,19,CREMONA,1795.0,1766.0
03017004,ALFIANELLO,17,BRESCIA,2476.0,2536.0
03015243,VITTUONE,15,MILANO,9082.0,9038.0
03019085,ROBECCO D`OGLIO,19,CREMONA,2393.0,2373.0
03017053,CIGOLE,17,BRESCIA,1669.0,1577.0
03019115,VOLTIDO,19,CREMONA,413.0,397.0
03017140,PERTICA BASSA,17,BRESCIA,698.0,655.0
03019042,DRIZZONA,19,CREMONA,565.0,552.0
03020008,CANNETO SULL`OGLIO,20,MANTOVA,4555.0,4474.0
03108012,BRUGHERIO,108,MONZA E DELLA BRIANZA,33484.0,34315.0
03108034,MUGGIO`,108,MONZA E DELLA BRIANZA,23433.0,23421.0
03017104,MARCHENO,17,BRESCIA,4492.0,4408.0
03016010,ANTEGNATE,16,BERGAMO,3194.0,3215.0
03017179,SIRMIONE,17,BRESCIA,8150.0,8128.0
03013211,SCHIGNANO,13,COMO,914.0,851.0
03017186,TORBOLE CASAGLIA,17,BRESCIA,6332.0,6539.0
03017147,PONCARALE,17,BRESCIA,5269.0,5287.0
03016062,CASTELLI CALEPIO,16,BERGAMO,10016.0,10289.0
03019106,TORNATA,19,CREMONA,500.0,468.0
03017146,POMPIANO,17,BRESCIA,3911.0,3882.0
03020027,GONZAGA,20,MANTOVA,9301.0,9135.0
03015195,SAN GIULIANO MILANESE,15,MILANO,36871.0,37987.0
03017014,BEDIZZOLE,17,BRESCIA,11937.0,12257.0
03015098,CUSANO MILANINO,15,MILANO,19547.0,18991.0
03017031,CAINO,17,BRESCIA,2082.0,2169.0
03017025,BOVEZZO,17,BRESCIA,7512.0,7485.0
03017037,CAPRIANO DEL COLLE,17,BRESCIA,4499.0,4673.0
03017057,COLLEBEATO,17,BRESCIA,4771.0,4692.0
03017200,VILLACHIARA,17,BRESCIA,1456.0,1464.0
03017143,PISOGNE,17,BRESCIA,8115.0,8055.0
03017129,PADENGHE SUL GARDA,17,BRESCIA,4350.0,4441.0
03020011,CASALOLDO,20,MANTOVA,2624.0,2692.0
03017061,CONCESIO,17,BRESCIA,15005.0,15442.0
03017156,PROVAGLIO D`ISEO,17,BRESCIA,7137.0,7320.0
03019061,MOTTA BALUFFI,19,CREMONA,1000.0,961.0
03015026,BOFFALORA SOPRA TICINO,15,MILANO,4290.0,4159.0
03017192,URAGO D`OGLIO,17,BRESCIA,4052.0,3949.0
03019070,PESSINA CREMONESE,19,CREMONA,693.0,664.0
03017141,PEZZAZE,17,BRESCIA,1616.0,1520.0
03016119,GRONE,16,BERGAMO,934.0,912.0
03017106,MARONE,17,BRESCIA,3328.0,3275.0
03017036,CAPOVALLE,17,BRESCIA,401.0,368.0
03020013,CASTELBELFORTE,20,MANTOVA,3029.0,3210.0
03019086,ROMANENGO,19,CREMONA,3078.0,3078.0
03017020,BORGO SAN GIACOMO,17,BRESCIA,5536.0,5512.0
03017087,LAVENONE,17,BRESCIA,624.0,562.0
03016161,PEIA,16,BERGAMO,1857.0,1851.0
03017075,GARDONE VALTROMPIA,17,BRESCIA,11938.0,11737.0
03017034,CALVISANO,17,BRESCIA,8726.0,8604.0
03016193,SARNICO,16,BERGAMO,6652.0,6629.0
03017039,CARPENEDOLO,17,BRESCIA,12698.0,12976.0
03017172,SAN GERVASIO BRESCIANO,17,BRESCIA,2470.0,2527.0
03017105,MARMENTINO,17,BRESCIA,691.0,685.0
03016002,ADRARA SAN ROCCO,16,BERGAMO,857.0,849.0
03017001,ACQUAFREDDA,17,BRESCIA,1615.0,1611.0
03019053,ISOLA DOVARESE,19,CREMONA,1223.0,1190.0
03017091,LOGRATO,17,BRESCIA,3888.0,3813.0
03020058,SAN GIOVANNI DEL DOSSO,20,MANTOVA,1389.0,1251.0
03108035,NOVA MILANESE,108,MONZA E DELLA BRIANZA,23152.0,23337.0
03016102,FONTENO,16,BERGAMO,691.0,656.0
03017142,PIAN CAMUNO,17,BRESCIA,4369.0,4622.0
03020040,PIEVE DI CORIANO,20,MANTOVA,1069.0,1069.0
03017164,ROE` VOLCIANO,17,BRESCIA,4496.0,4550.0
03019097,SONCINO,19,CREMONA,7767.0,7757.0
03017126,ORZIVECCHI,17,BRESCIA,2506.0,2524.0
03017060,COMEZZANO - CIZZAGO,17,BRESCIA,3702.0,3783.0
03020023,FELONICA,20,MANTOVA,1480.0,1402.0
03017191,TREVISO BRESCIANO,17,BRESCIA,568.0,549.0
03020026,GOITO,20,MANTOVA,10355.0,10410.0
03020009,CARBONARA DI PO,20,MANTOVA,1344.0,1313.0
03019054,IZANO,19,CREMONA,2072.0,2025.0
03016025,BERZO SAN FERMO,16,BERGAMO,1309.0,1356.0
03019032,CORTE DE` CORTESI CON CIGNONE,19,CREMONA,1137.0,1065.0
03017046,CAZZAGO SAN MARTINO,17,BRESCIA,11060.0,10967.0
03015125,LOCATE DI TRIULZI,15,MILANO,9707.0,9995.0
03019014,CAPPELLA DE` PICENARDI,19,CREMONA,438.0,432.0
03020038,OSTIGLIA,20,MANTOVA,7221.0,6892.0
03019098,SORESINA,19,CREMONA,9345.0,9063.0
03017125,ORZINUOVI,17,BRESCIA,12549.0,12603.0
03016244,ZANDOBBIO,16,BERGAMO,2746.0,2763.0
03019062,OFFANENGO,19,CREMONA,5893.0,6016.0
03019057,MARTIGNANA DI PO,19,CREMONA,1851.0,2040.0
03017189,TREMOSINE,17,BRESCIA,2154.0,2124.0
03015130,MAGENTA,15,MILANO,23513.0,23482.0
03016120,GRUMELLO DEL MONTE,16,BERGAMO,7360.0,7332.0
03016065,CASTRO,16,BERGAMO,1438.0,1376.0
03017013,BASSANO BRESCIANO,17,BRESCIA,2219.0,2307.0
03017171,SAN FELICE DEL BENACO,17,BRESCIA,3424.0,3391.0
03016180,RIVA DI SOLTO,16,BERGAMO,867.0,883.0
03017155,PREVALLE,17,BRESCIA,6995.0,6987.0
03017080,GOTTOLENGO,17,BRESCIA,5364.0,5219.0
03013060,CASTIGLIONE D`INTELVI,13,COMO,1031.0,1149.0
03015077,CINISELLO BALSAMO,15,MILANO,74150.0,75191.0
03017002,ADRO,17,BRESCIA,7180.0,7097.0
03017024,BOVEGNO,17,BRESCIA,2280.0,2253.0
03017153,PRESEGLIE,17,BRESCIA,1595.0,1520.0
03017197,VESTONE,17,BRESCIA,4509.0,4437.0
03017183,TAVERNOLE SUL MELLA,17,BRESCIA,1411.0,1330.0
03017204,VOBARNO,17,BRESCIA,8259.0,8224.0
03017121,ODOLO,17,BRESCIA,2104.0,2017.0
03016162,PIANICO,16,BERGAMO,1544.0,1490.0
03020036,MONZAMBANO,20,MANTOVA,4859.0,4878.0
03013152,MOLTRASIO,13,COMO,1710.0,1612.0
03020002,ASOLA,20,MANTOVA,10127.0,10184.0
03015204,SEDRIANO,15,MILANO,11277.0,11828.0
03015134,MARCALLO CON CASONE,15,MILANO,6048.0,6242.0
03019089,SAN DANIELE PO,19,CREMONA,1472.0,1387.0
03017044,CASTO,17,BRESCIA,1900.0,1807.0
03015175,PIOLTELLO,15,MILANO,36369.0,36912.0
03020067,VILLA POMA,20,MANTOVA,2037.0,2042.0
03019101,SPINEDA,19,CREMONA,641.0,608.0
03017168,SABBIO CHIESE,17,BRESCIA,3807.0,3918.0
03017033,CALVAGESE DELLA RIVIERA,17,BRESCIA,3501.0,3521.0
03017133,PALAZZOLO SULL`OGLIO,17,BRESCIA,19862.0,20088.0
03017194,VALVESTINO,17,BRESCIA,214.0,194.0
03016083,CORTENUOVA,16,BERGAMO,1959.0,1985.0
03017151,POZZOLENGO,17,BRESCIA,3436.0,3469.0
03020056,SAN GIACOMO DELLE SEGNATE,20,MANTOVA,1774.0,1680.0
03017076,GARGNANO,17,BRESCIA,3050.0,2937.0
03017162,ROCCAFRANCA,17,BRESCIA,4819.0,4912.0
03017009,BAGNOLO MELLA,17,BRESCIA,12969.0,12829.0
03017015,BERLINGO,17,BRESCIA,2600.0,2729.0
03017096,LUMEZZANE,17,BRESCIA,23828.0,22980.0
03017196,VEROLAVECCHIA,17,BRESCIA,3903.0,3854.0
03019007,BORDOLANO,19,CREMONA,610.0,622.0
03017115,MURA,17,BRESCIA,791.0,798.0
03017032,CALCINATO,17,BRESCIA,12725.0,12861.0
03017099,MAIRANO,17,BRESCIA,3327.0,3460.0
03012026,BUSTO ARSIZIO,12,VARESE,81760.0,82518.0
03012118,SAMARATE,12,VARESE,16362.0,16027.0
03012108,OLGIATE OLONA,12,VARESE,12243.0,12410.0
03015181,RESCALDINA,15,MILANO,14103.0,14236.0
03108019,CESANO MADERNO,108,MONZA E DELLA BRIANZA,37291.0,38203.0
03012140,VIZZOLA TICINO,12,VARESE,586.0,575.0
03012119,SARONNO,12,VARESE,39161.0,39437.0
03012075,GERENZANO,12,VARESE,10401.0,10789.0
03016007,ALMENNO SAN SALVATORE,16,BERGAMO,5825.0,5778.0
03016169,PONTERANICA,16,BERGAMO,6825.0,6857.0
03016248,ALGUA,16,BERGAMO,726.0,686.0
03016247,COSTA DI SERINA,16,BERGAMO,980.0,977.0
03016035,BRACCA,16,BERGAMO,767.0,730.0
03016144,NEMBRO,16,BERGAMO,11636.0,11688.0
03016008,ALZANO LOMBARDO,16,BERGAMO,13757.0,13632.0
03108046,VEDANO AL LAMBRO,108,MONZA E DELLA BRIANZA,7669.0,7535.0
03108041,SOVICO,108,MONZA E DELLA BRIANZA,8121.0,8381.0
03108020,COGLIATE,108,MONZA E DELLA BRIANZA,8409.0,8480.0
03108040,SEVESO,108,MONZA E DELLA BRIANZA,22877.0,23360.0
03012122,SOLBIATE OLONA,12,VARESE,5627.0,5564.0
03016085,COSTA VALLE IMAGNA,16,BERGAMO,624.0,598.0
03097014,CARENNO,97,LECCO,1533.0,1482.0
03016082,CORNA IMAGNA,16,BERGAMO,969.0,949.0
03016186,ROTA D`IMAGNA,16,BERGAMO,924.0,928.0
03097034,ERVE,97,LECCO,779.0,726.0
03016041,BRUMANO,16,BERGAMO,95.0,114.0
03016092,DOSSENA,16,BERGAMO,966.0,954.0
03016199,SERINA,16,BERGAMO,2187.0,2140.0
03016127,LOCATELLO,16,BERGAMO,853.0,829.0
03016098,FILAGO,16,BERGAMO,3224.0,3200.0
03016131,MADONE,16,BERGAMO,4031.0,3986.0
03012032,CARDANO AL CAMPO,12,VARESE,14542.0,14875.0
03012079,GORLA MINORE,12,VARESE,8512.0,8555.0
03108005,BARLASSINA,108,MONZA E DELLA BRIANZA,6887.0,6956.0
03108032,MISINTO,108,MONZA E DELLA BRIANZA,5078.0,5454.0
03013202,ROVELLO PORRO,13,COMO,6105.0,6210.0
03016230,VEDESETA,16,BERGAMO,217.0,205.0
03016048,CAMERATA CORNELLO,16,BERGAMO,619.0,625.0
03016125,LENNA,16,BERGAMO,640.0,622.0
03016061,CASSIGLIO,16,BERGAMO,120.0,112.0
03016253,VAL BREMBILLA,16,BERGAMO,4539.0,4477.0
03013138,LURATE CACCIVIO,13,COMO,10083.0,9901.0
03013245,VILLA GUARDIA,13,COMO,7759.0,8021.0
03013165,OLGIATE COMASCO,13,COMO,11364.0,11569.0
03013154,MONTANO LUCINO,13,COMO,4755.0,5030.0
03013206,SAN FERMO DELLA BATTAGLIA,13,COMO,4489.0,4621.0
03013099,FALOPPIO,13,COMO,4192.0,4629.0
03013061,CAVALLASCA,13,COMO,2971.0,2953.0
03013199,RONAGO,13,COMO,1769.0,1746.0
03013228,UGGIATE - TREVANO,13,COMO,4431.0,4808.0
03013169,OLTRONA DI SAN MAMETTE,13,COMO,2293.0,2360.0
03013010,APPIANO GENTILE,13,COMO,7726.0,7784.0
03013034,BULGAROGRASSO,13,COMO,3921.0,3946.0
03013110,GRANDATE,13,COMO,2921.0,2835.0
03013215,SOLBIATE,13,COMO,2561.0,2570.0
03013005,ALBIOLO,13,COMO,2687.0,2739.0
03013022,BEREGAZZO CON FIGLIARO,13,COMO,2590.0,2735.0
03013075,COMO,13,COMO,85263.0,84687.0
03013232,VALMOREA,13,COMO,2687.0,2663.0
03013024,BIZZARONE,13,COMO,1541.0,1551.0
03013251,COLVERDE,13,COMO,5257.0,5402.0
03016091,DALMINE,16,BERGAMO,23266.0,23304.0
03108003,ALBIATE,108,MONZA E DELLA BRIANZA,6201.0,6298.0
03012078,GORLA MAGGIORE,12,VARESE,5097.0,5023.0
03012039,CASORATE SEMPIONE,12,VARESE,5747.0,5756.0
03012050,CISLAGO,12,VARESE,10063.0,10277.0
03013201,ROVELLASCA,13,COMO,7608.0,7797.0
03013227,TURATE,13,COMO,9016.0,9341.0
03012067,FAGNANO OLONA,12,VARESE,12146.0,12339.0
03012070,GALLARATE,12,VARESE,51751.0,52850.0
03108054,LENTATE SUL SEVESO,108,MONZA E DELLA BRIANZA,15572.0,15788.0
03013128,LIMIDO COMASCO,13,COMO,3732.0,3903.0
03012048,CAVARIA CON PREMEZZO,12,VARESE,5718.0,5823.0
03012040,CASSANO MAGNAGO,12,VARESE,21595.0,21677.0
03012029,CAIRATE,12,VARESE,7887.0,7877.0
03012123,SOMMA LOMBARDO,12,VARESE,17437.0,17745.0
03013159,MOZZATE,13,COMO,8367.0,8953.0
03012107,OGGIONA CON SANTO STEFANO,12,VARESE,4329.0,4275.0
03013135,LUISAGO,13,COMO,2702.0,2736.0
03013055,CASSINA RIZZARDI,13,COMO,3224.0,3290.0
03013013,ASSO,13,COMO,3665.0,3661.0
03013123,LASNIGO,13,COMO,458.0,479.0
03013015,BARNI,13,COMO,628.0,602.0
03013037,CAGLIO,13,COMO,448.0,457.0
03013229,VALBRONA,13,COMO,2737.0,2700.0
03097043,LIERNA,97,LECCO,2242.0,2176.0
03097046,MANDELLO DEL LARIO,97,LECCO,10628.0,10421.0
03016123,LALLIO,16,BERGAMO,4138.0,4209.0
03016207,STEZZANO,16,BERGAMO,12867.0,13019.0
03016016,AZZANO SAN PAOLO,16,BERGAMO,7685.0,7641.0
03016150,ORIO AL SERIO,16,BERGAMO,1752.0,1791.0
03013068,CIRIMIDO,13,COMO,2164.0,2104.0
03013131,LOCATE VARESINO,13,COMO,4249.0,4364.0
03013133,LOMAZZO,13,COMO,9564.0,9735.0
03013137,LURAGO MARINONE,13,COMO,2463.0,2557.0
03013100,FENEGRO`,13,COMO,3138.0,3211.0
03012012,BESNATE,12,VARESE,5437.0,5559.0
03012085,JERAGO CON ORAGO,12,VARESE,5124.0,5238.0
03013045,CARBONATE,13,COMO,2920.0,2905.0
03012005,ARSAGO SEPRIO,12,VARESE,4886.0,4953.0
03013238,VENIANO,13,COMO,2859.0,2962.0
03012089,LONATE CEPPINO,12,VARESE,4909.0,4941.0
03012121,SOLBIATE ARNO,12,VARESE,4356.0,4219.0
03012044,CASTELSEPRIO,12,VARESE,1296.0,1302.0
03012033,CARNAGO,12,VARESE,6466.0,6662.0
03012002,ALBIZZATE,12,VARESE,5275.0,5349.0
03012127,TRADATE,12,VARESE,17901.0,18622.0
03012080,GORNATE OLONA,12,VARESE,2232.0,2245.0
03012035,CARONNO VARESINO,12,VARESE,4944.0,4953.0
03012136,VENEGONO INFERIORE,12,VARESE,6370.0,6142.0
03012106,MORNAGO,12,VARESE,4873.0,5045.0
03012138,VERGIATE,12,VARESE,9014.0,8910.0
03012047,CASTRONNO,12,VARESE,5361.0,5257.0
03012124,SUMIRAGO,12,VARESE,6274.0,6221.0
03012101,MERCALLO,12,VARESE,1816.0,1853.0
03012137,VENEGONO SUPERIORE,12,VARESE,7185.0,7277.0
03012046,CASTIGLIONE OLONA,12,VARESE,7906.0,7754.0
03012023,BRUNELLO,12,VARESE,1041.0,988.0
03012105,MORAZZONE,12,VARESE,4375.0,4269.0
03097035,ESINO LARIO,97,LECCO,766.0,764.0
03097067,PERLEDO,97,LECCO,945.0,970.0
03097062,PADERNO D`ADDA,97,LECCO,3936.0,3927.0
03108042,SULBIATE,108,MONZA E DELLA BRIANZA,3995.0,4180.0
03108002,AICURZIO,108,MONZA E DELLA BRIANZA,2069.0,2072.0
03108053,CORNATE D`ADDA,108,MONZA E DELLA BRIANZA,10464.0,10710.0
03097071,ROBBIATE,97,LECCO,6106.0,6256.0
03108031,MEZZAGO,108,MONZA E DELLA BRIANZA,4163.0,4337.0
03016198,SERIATE,16,BERGAMO,24297.0,25276.0
03016115,GORLE,16,BERGAMO,6404.0,6570.0
03016214,TORRE BOLDONE,16,BERGAMO,8334.0,8703.0
03016005,ALME`,16,BERGAMO,5736.0,5677.0
03013041,CANTU`,13,COMO,39540.0,39995.0
03013170,ORSENIGO,13,COMO,2758.0,2776.0
03014057,SAMOLACO,14,SONDRIO,2914.0,2883.0
03014032,GORDONA,14,SONDRIO,1841.0,1887.0
03014042,MENAROLA,14,SONDRIO,46.0,46.0
03014018,CHIAVENNA,14,SONDRIO,7358.0,7374.0
03012057,CROSIO DELLA VALLE,12,VARESE,618.0,614.0
03012120,SESTO CALENDE,12,VARESE,10830.0,11121.0
03012125,TAINO,12,VARESE,3798.0,3737.0
03012064,DAVERIO,12,VARESE,3073.0,3115.0
03012091,LOZZA,12,VARESE,1238.0,1265.0
03012036,CASALE LITTA,12,VARESE,2674.0,2666.0
03012132,VARANO BORGHI,12,VARESE,2383.0,2464.0
03012134,VEDANO OLONA,12,VARESE,7370.0,7372.0
03012054,COMABBIO,12,VARESE,1181.0,1130.0
03012082,INARZO,12,VARESE,1089.0,1091.0
03013023,BINAGO,13,COMO,4862.0,4809.0
03012003,ANGERA,12,VARESE,5694.0,5653.0
03018164,TROMELLO,18,PAVIA,3873.0,3848.0
03018059,COZZO,18,PAVIA,372.0,355.0
03018079,LANGOSCO,18,PAVIA,441.0,408.0
03018069,GARLASCO,18,PAVIA,9888.0,9841.0
03018018,BORGO SAN SIRO,18,PAVIA,1078.0,1040.0
03018014,BEREGUARDO,18,PAVIA,2843.0,2795.0
03018130,ROSASCO,18,PAVIA,647.0,603.0
03018102,MORTARA,18,PAVIA,15673.0,15448.0
03018039,CASTELLO D`AGOGNA,18,PAVIA,1073.0,1173.0
03018144,SANT`ANGELO LOMELLINA,18,PAVIA,902.0,820.0
03018044,CERETTO LOMELLINA,18,PAVIA,208.0,192.0
03018068,GAMBOLO`,18,PAVIA,10231.0,10129.0
03018040,CASTELNOVETTO,18,PAVIA,642.0,604.0
03018109,PARONA,18,PAVIA,2052.0,1946.0
03018003,ALBONESE,18,PAVIA,567.0,579.0
03015151,MOTTA VISCONTI,15,MILANO,7665.0,7762.0
03018103,NICORVO,18,PAVIA,382.0,350.0
03018107,PALESTRO,18,PAVIA,2001.0,1958.0
03015022,BESATE,15,MILANO,2032.0,2086.0
03018050,CILAVEGNA,18,PAVIA,5653.0,5640.0
03018123,ROBBIO,18,PAVIA,6156.0,6007.0
03018177,VIGEVANO,18,PAVIA,63700.0,63442.0
03018052,CONFIENZA,18,PAVIA,1663.0,1670.0
03018075,GRAVELLONA LOMELLINA,18,PAVIA,2651.0,2748.0
03015165,OZZERO,15,MILANO,1480.0,1529.0
03015150,MORIMONDO,15,MILANO,1211.0,1174.0
03018035,CASSOLNOVO,18,PAVIA,7116.0,7096.0
03015002,ABBIATEGRASSO,15,MILANO,32035.0,32409.0
03018076,GROPELLO CAIROLI,18,PAVIA,4602.0,4630.0
03018189,ZERBOLO`,18,PAVIA,1642.0,1744.0
03018159,TORRE D`ISOLA,18,PAVIA,2359.0,2403.0
03018118,PORTALBERA,18,PAVIA,1577.0,1528.0
03018145,SAN ZENONE AL PO,18,PAVIA,625.0,600.0
03018114,PIEVE PORTO MORONE,18,PAVIA,2801.0,2701.0
03013084,CUCCIAGO,13,COMO,3472.0,3498.0
03013102,FINO MORNASCO,13,COMO,9614.0,9861.0
03013212,SENNA COMASCO,13,COMO,3211.0,3216.0
03013053,CASNATE CON BERNATE,13,COMO,4936.0,4910.0
03013242,VERTEMATE CON MINOPRIO,13,COMO,4025.0,4078.0
03013223,TORNO,13,COMO,1214.0,1184.0
03013065,CERNOBBIO,13,COMO,7059.0,6776.0
03013222,TAVERNERIO,13,COMO,5823.0,5789.0
03014020,CHIURO,14,SONDRIO,2553.0,2518.0
03014052,PONTE IN VALTELLINA,14,SONDRIO,2326.0,2327.0
03014060,SONDALO,14,SONDRIO,4281.0,4173.0
03013043,CAPIAGO INTIMIANO,13,COMO,5530.0,5604.0
03013144,MASLIANICO,13,COMO,3387.0,3369.0
03014033,GROSIO,14,SONDRIO,4634.0,4518.0
03014065,TEGLIO,14,SONDRIO,4769.0,4611.0
03014014,CASTELLO DELL`ACQUA,14,SONDRIO,677.0,626.0
03014073,VALFURVA,14,SONDRIO,2732.0,2639.0
03014009,BORMIO,14,SONDRIO,4084.0,4103.0
03014072,VALDISOTTO,14,SONDRIO,3508.0,3569.0
03013032,BRUNATE,13,COMO,1805.0,1760.0
03013026,BLEVIO,13,COMO,1268.0,1191.0
03013129,LIPOMO,13,COMO,5860.0,5860.0
03014071,VALDIDENTRO,14,SONDRIO,4068.0,4130.0
03014044,MONTAGNA IN VALTELLINA,14,SONDRIO,3059.0,3074.0
03014036,LANZADA,14,SONDRIO,1399.0,1362.0
03014049,PIATEDA,14,SONDRIO,2340.0,2272.0
03014070,TRESIVIO,14,SONDRIO,2024.0,2029.0
03108026,LESMO,108,MONZA E DELLA BRIANZA,8065.0,8397.0
03108014,CAMPARADA,108,MONZA E DELLA BRIANZA,2106.0,2021.0
03108044,USMATE VELATE,108,MONZA E DELLA BRIANZA,10019.0,10259.0
03097052,MONTE MARENZO,97,LECCO,1994.0,1958.0
03097010,BRIVIO,97,LECCO,4770.0,4647.0
03097075,SIRONE,97,LECCO,2372.0,2404.0
03097082,VALGREGHENTINO,97,LECCO,3389.0,3446.0
03108033,MONZA,108,MONZA E DELLA BRIANZA,122712.0,122367.0
03016223,VALBONDIONE,16,BERGAMO,1097.0,1065.0
03017148,PONTE DI LEGNO,17,BRESCIA,1771.0,1748.0
03017198,VEZZA D`OGLIO,17,BRESCIA,1475.0,1465.0
03014034,GROSOTTO,14,SONDRIO,1633.0,1621.0
03017110,MONNO,17,BRESCIA,568.0,555.0
03014004,APRICA,14,SONDRIO,1612.0,1579.0
03017063,CORTENO GOLGI,17,BRESCIA,2028.0,1978.0
03016195,SCHILPARIO,16,BERGAMO,1265.0,1225.0
03014078,VILLA DI TIRANO,14,SONDRIO,2984.0,3000.0
03016243,VILMINORE DI SCALVE,16,BERGAMO,1532.0,1496.0
03014008,BIANZONE,14,SONDRIO,1278.0,1298.0
03017131,PAISCO LOVENO,17,BRESCIA,200.0,184.0
03014037,LIVIGNO,14,SONDRIO,5991.0,6334.0
03108009,BIASSONO,108,MONZA E DELLA BRIANZA,11754.0,12065.0
03108029,MACHERIO,108,MONZA E DELLA BRIANZA,7222.0,7335.0
03108004,ARCORE,108,MONZA E DELLA BRIANZA,17750.0,17860.0
03017055,CIVIDATE CAMUNO,17,BRESCIA,2776.0,2703.0
03017100,MALEGNO,17,BRESCIA,2115.0,2037.0
03017094,LOSINE,17,BRESCIA,596.0,587.0
03017050,CETO,17,BRESCIA,1963.0,1920.0
03017124,ONO SAN PIETRO,17,BRESCIA,991.0,997.0
03016056,CARONA,16,BERGAMO,355.0,339.0
03017101,MALONNO,17,BRESCIA,3357.0,3305.0
03017035,CAPO DI PONTE,17,BRESCIA,2519.0,2480.0
03017176,SELLERO,17,BRESCIA,1497.0,1476.0
03017016,BERZO DEMO,17,BRESCIA,1751.0,1689.0
03017181,SONICO,17,BRESCIA,1269.0,1269.0
03017175,SAVIORE DELL`ADAMELLO,17,BRESCIA,1021.0,929.0
03017184,TEMU`,17,BRESCIA,1085.0,1103.0
03017202,VIONE,17,BRESCIA,729.0,691.0
03018125,ROCCA DE` GIORGI,18,PAVIA,74.0,81.0
03018021,BRALLO DI PREGOLA,18,PAVIA,725.0,614.0
03018142,SANTA MARGHERITA DI STAFFORA,18,PAVIA,530.0,473.0
03018089,MENCONICO,18,PAVIA,400.0,360.0
03018007,BAGNARIA,18,PAVIA,684.0,677.0
03018171,VARZI,18,PAVIA,3420.0,3304.0
03018042,CECIMA,18,PAVIA,237.0,247.0
03018128,ROMAGNESE,18,PAVIA,752.0,685.0
03018117,PONTE NIZZA,18,PAVIA,822.0,824.0
03018170,VALVERDE,18,PAVIA,314.0,296.0
03018184,ZAVATTARELLO,18,PAVIA,1052.0,986.0
03018166,VAL DI NIZZA,18,PAVIA,682.0,642.0
03018073,GODIASCO,18,PAVIA,3218.0,3207.0
03018064,FORTUNAGO,18,PAVIA,391.0,384.0
03018098,MONTESEGALE,18,PAVIA,321.0,299.0
03018126,ROCCA SUSELLA,18,PAVIA,237.0,240.0
03018132,RUINO,18,PAVIA,755.0,737.0
03018028,CANEVINO,18,PAVIA,119.0,108.0
03018183,VOLPARA,18,PAVIA,129.0,133.0
03018017,BORGORATTO MORMOROLO,18,PAVIA,442.0,430.0
03018074,GOLFERENZO,18,PAVIA,216.0,197.0
03018016,BORGO PRIOLO,18,PAVIA,1428.0,1398.0
03018155,TORRAZZA COSTE,18,PAVIA,1681.0,1692.0
03018094,MONTALTO PAVESE,18,PAVIA,931.0,895.0
03018096,MONTECALVO VERSIGGIA,18,PAVIA,588.0,529.0
03018025,CALVIGNANO,18,PAVIA,127.0,131.0
03018082,LIRIO,18,PAVIA,146.0,124.0
03018105,OLIVA GESSI,18,PAVIA,179.0,180.0
03018143,SANTA MARIA DELLA VERSA,18,PAVIA,2519.0,2445.0
03018101,MORNICO LOSANA,18,PAVIA,732.0,655.0
03018131,ROVESCALA,18,PAVIA,951.0,900.0
03018057,CORVINO SAN QUIRICO,18,PAVIA,1053.0,1049.0
03018097,MONTESCANO,18,PAVIA,395.0,397.0
03018161,TORRICELLA VERZATE,18,PAVIA,849.0,839.0
03018037,CASTEGGIO,18,PAVIA,6530.0,6865.0
03018036,CASTANA,18,PAVIA,743.0,720.0
03018134,SAN DAMIANO AL COLLE,18,PAVIA,740.0,674.0
03018100,MONTU` BECCARIA,18,PAVIA,1772.0,1715.0
03018020,BOSNASCO,18,PAVIA,655.0,638.0
03018187,ZENEVREDO,18,PAVIA,483.0,482.0
03018032,CASATISMA,18,PAVIA,889.0,897.0
03018124,ROBECCO PAVESE,18,PAVIA,571.0,563.0
03018005,ARENA PO,18,PAVIA,1660.0,1612.0
03018174,VERRETTO,18,PAVIA,377.0,391.0
03018038,CASTELLETTO DI BRANDUZZO,18,PAVIA,1065.0,1032.0
03016031,BONATE SOTTO,16,BERGAMO,6606.0,6702.0
03016072,CHIGNOLO D`ISOLA,16,BERGAMO,3239.0,3333.0
03097044,LOMAGNA,97,LECCO,4849.0,4952.0
03108022,CORREZZANA,108,MONZA E DELLA BRIANZA,2648.0,2878.0
03016251,SOLZA,16,BERGAMO,1948.0,2043.0
03108043,TRIUGGIO,108,MONZA E DELLA BRIANZA,8396.0,8763.0
03108015,CARATE BRIANZA,108,MONZA E DELLA BRIANZA,17997.0,17795.0
03097020,CERNUSCO LOMBARDONE,97,LECCO,3870.0,3825.0
03097016,CASATENOVO,97,LECCO,12691.0,12931.0
03016143,MOZZO,16,BERGAMO,7488.0,7566.0
03016170,PONTE SAN PIETRO,16,BERGAMO,11543.0,11573.0
03108024,GIUSSANO,108,MONZA E DELLA BRIANZA,24672.0,25491.0
03016220,TREVIOLO,16,BERGAMO,10297.0,10614.0
03016213,TERNO D`ISOLA,16,BERGAMO,7665.0,8014.0
03016030,BONATE SOPRA,16,BERGAMO,8964.0,9532.0
03016089,CURNO,16,BERGAMO,7752.0,7751.0
03108048,VERANO BRIANZA,108,MONZA E DELLA BRIANZA,9342.0,9289.0
03016176,PRESEZZO,16,BERGAMO,4896.0,4949.0
03013121,LAMBRUGO,13,COMO,2445.0,2487.0
03108008,BESANA IN BRIANZA,108,MONZA E DELLA BRIANZA,15582.0,15520.0
03016203,SOTTO IL MONTE GIOVANNI XXIII,16,BERGAMO,4239.0,4357.0
03016057,CARVICO,16,BERGAMO,4651.0,4651.0
03097053,MONTEVECCHIA,97,LECCO,2494.0,2605.0
03097049,MISSAGLIA,97,LECCO,8555.0,8750.0
03016132,MAPELLO,16,BERGAMO,6446.0,6780.0
03016224,VALBREMBO,16,BERGAMO,3753.0,4188.0
03097054,MONTICELLO BRIANZA,97,LECCO,4218.0,4264.0
03097090,VIGANO`,97,LECCO,2015.0,2086.0
03016009,AMBIVERE,16,BERGAMO,2343.0,2381.0
03016038,BREMBATE DI SOPRA,16,BERGAMO,7832.0,7900.0
03016024,BERGAMO,16,BERGAMO,119551.0,119002.0
03016238,VILLA D`ADDA,16,BERGAMO,4729.0,4772.0
03108037,RENATE,108,MONZA E DELLA BRIANZA,4214.0,4135.0
03108011,BRIOSCO,108,MONZA E DELLA BRIANZA,5955.0,6010.0
03097012,CALCO,97,LECCO,5132.0,5255.0
03013012,AROSIO,13,COMO,4964.0,5024.0
03016155,PALADINA,16,BERGAMO,4002.0,4067.0
03013048,CARUGO,13,COMO,6262.0,6374.0
03108047,VEDUGGIO CON COLZANO,108,MONZA E DELLA BRIANZA,4417.0,4443.0
03097006,BARZANO`,97,LECCO,5203.0,5143.0
03097066,PEREGO,97,LECCO,1757.0,1799.0
03016021,BARZANA,16,BERGAMO,1769.0,1907.0
03097017,CASSAGO BRIANZA,97,LECCO,4393.0,4477.0
03016171,PONTIDA,16,BERGAMO,3229.0,3269.0
03097058,OLGIATE MOLGORA,97,LECCO,6311.0,6376.0
03097073,ROVAGNATE,97,LECCO,2953.0,2940.0
03097028,CREMELLA,97,LECCO,1794.0,1770.0
03097076,SIRTORI,97,LECCO,2950.0,2870.0
03013029,BRENNA,13,COMO,1987.0,2120.0
03097074,SANTA MARIA HOE`,97,LECCO,2256.0,2205.0
03013118,INVERIGO,13,COMO,8981.0,9101.0
03097056,NIBIONNO,97,LECCO,3628.0,3704.0
03097011,BULCIAGO,97,LECCO,3034.0,2942.0
03097005,BARZAGO,97,LECCO,2566.0,2468.0
03097002,AIRUNO,97,LECCO,2999.0,2925.0
03016074,CISANO BERGAMASCO,16,BERGAMO,6316.0,6372.0
03097019,CASTELLO DI BRIANZA,97,LECCO,2469.0,2557.0
03013136,LURAGO D`ERBA,13,COMO,5350.0,5410.0
03097026,COSTA MASNAGA,97,LECCO,4806.0,4801.0
03097037,GARBAGNATE MONASTERO,97,LECCO,2431.0,2448.0
03097031,DOLZAGO,97,LECCO,2304.0,2428.0
03097024,COLLE BRIANZA,97,LECCO,1762.0,1727.0
03013007,ALZATE BRIANZA,13,COMO,5103.0,5046.0
03013193,PUSIANO,13,COMO,1327.0,1344.0
03097021,CESANA BRIANZA,97,LECCO,2343.0,2411.0
03013192,PROSERPIO,13,COMO,912.0,912.0
03013188,PONTE LAMBRO,13,COMO,4483.0,4398.0
03097022,CIVATE,97,LECCO,4062.0,3929.0
03013095,ERBA,13,COMO,16949.0,16512.0
03097069,PREMANA,97,LECCO,2312.0,2293.0
03014047,PEDESINA,14,SONDRIO,34.0,36.0
03013058,CASTELMARTE,13,COMO,1303.0,1314.0
03013052,CASLINO D`ERBA,13,COMO,1722.0,1702.0
03013042,CANZO,13,COMO,5144.0,5130.0
03097018,CASSINA VALSASSINA,97,LECCO,481.0,482.0
03097029,CREMENO,97,LECCO,1428.0,1482.0
03097050,MOGGIO,97,LECCO,521.0,488.0
03097065,PASTURO,97,LECCO,1957.0,2019.0
03097007,BARZIO,97,LECCO,1321.0,1303.0
03016229,VALTORTA,16,BERGAMO,295.0,286.0
03097025,CORTENOVA,97,LECCO,1295.0,1214.0
03097070,PRIMALUNA,97,LECCO,2170.0,2244.0
03016151,ORNICA,16,BERGAMO,180.0,159.0
03097064,PARLASCO,97,LECCO,141.0,139.0
03016090,CUSIO,16,BERGAMO,265.0,249.0
03097079,TACENO,97,LECCO,540.0,551.0
03097027,CRANDOLA VALSASSINA,97,LECCO,267.0,254.0
03097047,MARGNO,97,LECCO,366.0,378.0
03016191,SANTA BRIGIDA,16,BERGAMO,586.0,557.0
03097040,INTROBIO,97,LECCO,1983.0,1996.0
03016014,AVERARA,16,BERGAMO,185.0,189.0
03097008,BELLANO,97,LECCO,3305.0,3248.0
03097015,CASARGO,97,LECCO,874.0,833.0
03097085,VENDROGNO,97,LECCO,317.0,320.0
03014031,GEROLA ALTA,14,SONDRIO,197.0,171.0
03097030,DERVIO,97,LECCO,2774.0,2679.0
03097041,INTROZZO,97,LECCO,122.0,124.0
03097077,SUEGLIO,97,LECCO,151.0,144.0
03014055,RASURA,14,SONDRIO,297.0,296.0
03097089,VESTRENO,97,LECCO,315.0,305.0
03014006,BEMA,14,SONDRIO,132.0,126.0
03014056,ROGOLO,14,SONDRIO,566.0,568.0
03015219,TREZZANO ROSA,15,MILANO,4804.0,5115.0
03108055,RONCELLO,108,MONZA E DELLA BRIANZA,3908.0,4370.0
03015110,GREZZAGO,15,MILANO,2804.0,3025.0
03108036,ORNAGO,108,MONZA E DELLA BRIANZA,4670.0,4921.0
03108021,CONCOREZZO,108,MONZA E DELLA BRIANZA,15371.0,15633.0
03013153,MONGUZZO,13,COMO,2207.0,2311.0
03097033,ELLO,97,LECCO,1281.0,1230.0
03097051,MOLTENO,97,LECCO,3545.0,3574.0
03013147,MERONE,13,COMO,4124.0,4206.0
03097072,ROGENO,97,LECCO,3239.0,3194.0
03097057,OGGIONO,97,LECCO,8887.0,8927.0
03097059,OLGINATE,97,LECCO,7194.0,7088.0
03097009,BOSISIO PARINI,97,LECCO,3519.0,3476.0
03097003,ANNONE DI BRIANZA,97,LECCO,2304.0,2346.0
03097078,SUELLO,97,LECCO,1689.0,1725.0
03013134,LONGONE AL SEGRINO,13,COMO,1789.0,1875.0
03013097,EUPILIO,13,COMO,2778.0,2670.0
03014017,CERCINO,14,SONDRIO,757.0,789.0
03014069,TRAONA,14,SONDRIO,2534.0,2668.0
03014027,DUBINO,14,SONDRIO,3549.0,3661.0
03014041,MELLO,14,SONDRIO,996.0,967.0
03013226,TREZZONE,13,COMO,239.0,232.0
03014022,CIVO,14,SONDRIO,1093.0,1114.0
03014075,VERCEIA,14,SONDRIO,1106.0,1127.0
03013155,MONTEMEZZO,13,COMO,261.0,241.0
03013216,SORICO,13,COMO,1255.0,1259.0
03014074,VAL MASINO,14,SONDRIO,946.0,910.0
03014046,NOVATE MEZZOLA,14,SONDRIO,1863.0,1868.0
03012049,CAZZAGO BRABBIA,12,VARESE,820.0,815.0
03012014,BIANDRONNO,12,VARESE,3275.0,3399.0
03012009,BARDELLO,12,VARESE,1559.0,1580.0
03012013,BESOZZO,12,VARESE,9192.0,9149.0
03012133,VARESE,12,VARESE,81579.0,80857.0
03015155,NOSATE,15,MILANO,689.0,684.0
03015154,NERVIANO,15,MILANO,17499.0,17430.0
03015099,DAIRAGO,15,MILANO,5780.0,6279.0
03015183,ROBECCHETTO CON INDUNO,15,MILANO,4896.0,4886.0
03015226,TURBIGO,15,MILANO,7485.0,7386.0
03015248,VILLA CORTESE,15,MILANO,6216.0,6207.0
03015046,CANEGRATE,15,MILANO,12431.0,12529.0
03015194,SAN GIORGIO SU LEGNANO,15,MILANO,6776.0,6914.0
03012074,GEMONIO,12,VARESE,2907.0,2880.0
03012019,BRENTA,12,VARESE,1811.0,1793.0
03012021,BRINZIO,12,VARESE,880.0,845.0
03012115,RANCIO VALCUVIA,12,VARESE,940.0,914.0
03012045,CASTELVECCANA,12,VARESE,2032.0,1994.0
03012081,GRANTOLA,12,VARESE,1289.0,1272.0
03012102,MESENZANA,12,VARESE,1473.0,1495.0
03012022,BRISSAGO - VALTRAVAGLIA,12,VARESE,1253.0,1281.0
03012103,MONTEGRINO VALTRAVAGLIA,12,VARESE,1416.0,1501.0
03012056,CREMENAGA,12,VARESE,801.0,808.0
03012020,BREZZO DI BEDERO,12,VARESE,1185.0,1206.0
03012076,GERMIGNAGA,12,VARESE,3809.0,3857.0
03012092,LUINO,12,VARESE,14471.0,14833.0
03012001,AGRA,12,VARESE,408.0,386.0
03012065,DUMENZA,12,VARESE,1463.0,1487.0
03012061,CURIGLIA CON MONTEVIASCO,12,VARESE,189.0,177.0
03012129,TRONZANO LAGO MAGGIORE,12,VARESE,262.0,241.0
03012142,MACCAGNO CON PINO E VEDDASCA,12,VARESE,2542.0,2522.0
03012069,FERRERA DI VARESE,12,VARESE,696.0,710.0
03012060,CUNARDO,12,VARESE,2939.0,2947.0
03012041,CASSANO VALCUVIA,12,VARESE,663.0,666.0
03012059,CUGLIATE - FABIASCO,12,VARESE,3109.0,3144.0
03012066,DUNO,12,VARESE,162.0,141.0
03012114,PORTO VALTRAVAGLIA,12,VARESE,2440.0,2391.0
03012027,CADEGLIANO - VICONAGO,12,VARESE,1870.0,2097.0
03018182,VOGHERA,18,PAVIA,39937.0,39400.0
03018062,FERRERA ERBOGNONE,18,PAVIA,1137.0,1165.0
03018054,CORANA,18,PAVIA,781.0,807.0
03018112,PIEVE ALBIGNOLA,18,PAVIA,924.0,883.0
03018149,SILVANO PIETRA,18,PAVIA,693.0,672.0
03018090,MEZZANA BIGLI,18,PAVIA,1144.0,1125.0
03018113,PIEVE DEL CAIRO,18,PAVIA,2168.0,2085.0
03018138,SANNAZZARO DE` BURGONDI,18,PAVIA,5869.0,5512.0
03015176,POGLIANO MILANESE,15,MILANO,8257.0,8373.0
03015182,RHO,15,MILANO,50686.0,50496.0
03018119,REA,18,PAVIA,429.0,428.0
03108045,VAREDO,108,MONZA E DELLA BRIANZA,12899.0,13160.0
03108023,DESIO,108,MONZA E DELLA BRIANZA,40661.0,41684.0
03018191,CORNALE E BASTIDA,18,PAVIA,2542.0,885.0
03018147,SCALDASOLE,18,PAVIA,998.0,958.0
03018067,GAMBARANA,18,PAVIA,254.0,220.0
03018033,CASEI GEROLA,18,PAVIA,2547.0,2510.0
03018023,BRESSANA BOTTARONE,18,PAVIA,3560.0,3564.0
03018110,PAVIA,18,PAVIA,71142.0,72205.0
03018004,ALBUZZANO,18,PAVIA,3368.0,3529.0
03018041,CAVA MANARA,18,PAVIA,6650.0,6746.0
03018137,SAN MARTINO SICCOMARIO,18,PAVIA,5766.0,6053.0
03018158,TORRE DE` NEGRI,18,PAVIA,339.0,332.0
03018063,FILIGHERA,18,PAVIA,846.0,878.0
03018060,CURA CARPIGNANO,18,PAVIA,4215.0,4840.0
03015168,PARABIAGO,15,MILANO,26952.0,27665.0
03015105,GARBAGNATE MILANESE,15,MILANO,27193.0,27226.0
03015116,LAINATE,15,MILANO,25343.0,25704.0
03015201,SAN VITTORE OLONA,15,MILANO,8285.0,8395.0
03108039,SEREGNO,108,MONZA E DELLA BRIANZA,43163.0,44500.0
03108030,MEDA,108,MONZA E DELLA BRIANZA,23221.0,23554.0
03108025,LAZZATE,108,MONZA E DELLA BRIANZA,7605.0,7787.0
03013028,BREGNANO,13,COMO,6152.0,6480.0
03013163,NOVEDRATE,13,COMO,2932.0,2913.0
03013046,CARIMATE,13,COMO,4320.0,4468.0
03013064,CERMENATE,13,COMO,9097.0,9245.0
03013143,MARIANO COMENSE,13,COMO,23890.0,24245.0
03013114,GUANZATE,13,COMO,5719.0,5791.0
03018047,CERVESINA,18,PAVIA,1216.0,1228.0
03018122,RIVANAZZANO TERME,18,PAVIA,5144.0,5321.0
03018121,RETORBIDO,18,PAVIA,1474.0,1561.0
03018051,CODEVILLA,18,PAVIA,1010.0,1021.0
03018095,MONTEBELLO DELLA BATTAGLIA,18,PAVIA,1712.0,1645.0
03018084,LUNGAVILLA,18,PAVIA,2417.0,2457.0
03018108,PANCARANA,18,PAVIA,336.0,314.0
03018056,CORTEOLONA,18,PAVIA,2201.0,2210.0
03018152,SPESSA,18,PAVIA,597.0,616.0
03015131,MAGNAGO,15,MILANO,9090.0,9280.0
03015249,VANZAGHELLO,15,MILANO,5307.0,5416.0
03015076,CESATE,15,MILANO,13977.0,14200.0
03012109,ORIGGIO,12,VARESE,7400.0,7693.0
03015072,CERRO MAGGIORE,15,MILANO,14794.0,15243.0
03013036,CADORAGO,13,COMO,7646.0,7884.0
03013059,CASTELNUOVO BOZZENTE,13,COMO,864.0,922.0
03097004,BALLABIO,97,LECCO,3967.0,4083.0
03097042,LECCO,97,LECCO,48114.0,48141.0
03016006,ALMENNO SAN BARTOLOMEO,16,BERGAMO,6018.0,6186.0
03016156,PALAZZAGO,16,BERGAMO,4215.0,4507.0
03016052,CAPRINO BERGAMASCO,16,BERGAMO,3120.0,3070.0
03097080,TORRE DE` BUSI,97,LECCO,1970.0,2079.0
03097013,CALOLZIOCORTE,97,LECCO,14315.0,14086.0
03097086,VERCURAGO,97,LECCO,2896.0,2841.0
03097055,MORTERONE,97,LECCO,37.0,38.0
03097038,GARLATE,97,LECCO,2675.0,2689.0
03097036,GALBIATE,97,LECCO,8663.0,8581.0
03097083,VALMADRERA,97,LECCO,11668.0,11749.0
03097001,ABBADIA LARIANA,97,LECCO,3305.0,3227.0
03016196,SEDRINA,16,BERGAMO,2559.0,2455.0
03016050,CAPIZZONE,16,BERGAMO,1347.0,1249.0
03016221,UBIALE CLANEZZO,16,BERGAMO,1395.0,1404.0
03016023,BERBENNO,16,BERGAMO,2492.0,2431.0
03018116,PIZZALE,18,PAVIA,733.0,726.0
03018066,GALLIAVOLA,18,PAVIA,227.0,212.0
03018083,LOMELLO,18,PAVIA,2322.0,2227.0
03018106,OTTOBIANO,18,PAVIA,1187.0,1121.0
03018167,VALEGGIO,18,PAVIA,233.0,220.0
03018190,ZINASCO,18,PAVIA,3264.0,3282.0
03018061,DORNO,18,PAVIA,4654.0,4695.0
03015206,SENAGO,15,MILANO,21273.0,21661.0
03012034,CARONNO PERTUSELLA,12,VARESE,16263.0,17385.0
03012090,LONATE POZZOLO,12,VARESE,12059.0,11949.0
03015213,SOLARO,15,MILANO,14203.0,14158.0
03015118,LEGNANO,15,MILANO,59147.0,60451.0
03108027,LIMBIATE,108,MONZA E DELLA BRIANZA,35168.0,35258.0
03012042,CASTELLANZA,12,VARESE,14400.0,14338.0
03108010,BOVISIO MASCIAGO,108,MONZA E DELLA BRIANZA,16903.0,17110.0
03012130,UBOLDO,12,VARESE,10489.0,10561.0
03097068,PESCATE,97,LECCO,2188.0,2149.0
03097045,MALGRATE,97,LECCO,4327.0,4313.0
03016246,ZOGNO,16,BERGAMO,9097.0,9084.0
03016252,SANT'OMOBONO TERME,16,BERGAMO,3996.0,3981.0
03016027,BLELLO,16,BERGAMO,79.0,73.0
03016190,SAN PELLEGRINO TERME,16,BERGAMO,4974.0,4894.0
03016106,FUIPIANO VALLE IMAGNA,16,BERGAMO,226.0,218.0
03016188,SAN GIOVANNI BIANCO,16,BERGAMO,5094.0,4908.0
03018178,VILLA BISCOSSI,18,PAVIA,76.0,73.0
03018088,MEDE,18,PAVIA,7085.0,6731.0
03018154,SUARDI,18,PAVIA,673.0,619.0
03018065,FRASCAROLO,18,PAVIA,1241.0,1206.0
03018091,MEZZANA RABATTONE,18,PAVIA,514.0,491.0
03108013,BURAGO DI MOLGORA,108,MONZA E DELLA BRIANZA,4250.0,4269.0
03108001,AGRATE BRIANZA,108,MONZA E DELLA BRIANZA,15065.0,15431.0
03012068,FERNO,12,VARESE,6876.0,6937.0
03108018,CERIANO LAGHETTO,108,MONZA E DELLA BRIANZA,6392.0,6528.0
03016210,TALEGGIO,16,BERGAMO,625.0,594.0
03016202,SORISOLE,16,BERGAMO,9120.0,9170.0
03016239,VILLA D`ALME`,16,BERGAMO,6844.0,6752.0
03016185,RONCOLA,16,BERGAMO,754.0,753.0
03016022,BEDULITA,16,BERGAMO,734.0,758.0
03016208,STROZZA,16,BERGAMO,1075.0,1079.0
03108049,VILLASANTA,108,MONZA E DELLA BRIANZA,13590.0,13899.0
03108028,LISSONE,108,MONZA E DELLA BRIANZA,42474.0,44870.0
03012098,MARNATE,12,VARESE,7211.0,7686.0
03012073,GAZZADA SCHIANNO,12,VARESE,4681.0,4651.0
03012126,TERNATE,12,VARESE,2467.0,2542.0
03012006,AZZATE,12,VARESE,4520.0,4656.0
03012025,BUGUGGIATE,12,VARESE,3122.0,3099.0
03012111,OSMATE,12,VARESE,764.0,805.0
03012071,GALLIATE LOMBARDO,12,VARESE,993.0,979.0
03108007,BERNAREGGIO,108,MONZA E DELLA BRIANZA,10501.0,10887.0
03108038,RONCO BRIANTINO,108,MONZA E DELLA BRIANZA,3452.0,3444.0
03013009,ANZANO DEL PARCO,13,COMO,1759.0,1787.0
03013006,ALSERIO,13,COMO,1195.0,1216.0
03013003,ALBAVILLA,13,COMO,6272.0,6455.0
03013098,FAGGETO LARIO,13,COMO,1253.0,1226.0
03013195,REZZAGO,13,COMO,317.0,313.0
03016164,PIAZZA BREMBANA,16,BERGAMO,1256.0,1230.0
03016145,OLMO AL BREMBO,16,BERGAMO,525.0,503.0
03016134,MEZZOLDO,16,BERGAMO,196.0,176.0
03014001,ALBAREDO PER SAN MARCO,14,SONDRIO,350.0,327.0
03012077,GOLASECCA,12,VARESE,2694.0,2736.0
03014021,CINO,14,SONDRIO,379.0,363.0
03014054,PRATA CAMPORTACCIO,14,SONDRIO,2903.0,2968.0
03014043,MESE,14,SONDRIO,1740.0,1800.0
03014077,VILLA DI CHIAVENNA,14,SONDRIO,1054.0,1010.0
03014058,SAN GIACOMO FILIPPO,14,SONDRIO,415.0,385.0
03014012,CAMPODOLCINO,14,SONDRIO,1045.0,989.0
03014050,PIURO,14,SONDRIO,1975.0,1921.0
03012016,BODIO LOMNAGO,12,VARESE,2117.0,2164.0
03012096,MALNATE,12,VARESE,16641.0,16912.0
03012028,CADREZZATE,12,VARESE,1779.0,1844.0
03013038,CAGNO,13,COMO,2054.0,2032.0
03012128,TRAVEDONA - MONATE,12,VARESE,4029.0,4067.0
03012116,RANCO,12,VARESE,1371.0,1305.0
03012018,BREGANO,12,VARESE,842.0,857.0
03012084,ISPRA,12,VARESE,5238.0,5349.0
03013197,RODERO,13,COMO,1202.0,1300.0
03012095,MALGESSO,12,VARESE,1320.0,1312.0
03012017,BREBBIA,12,VARESE,3360.0,3307.0
03012030,CANTELLO,12,VARESE,4598.0,4684.0
03012104,MONVALLE,12,VARESE,1991.0,2009.0
03012052,CLIVIO,12,VARESE,1944.0,1967.0
03012004,ARCISATE,12,VARESE,9991.0,9967.0
03012083,INDUNO OLONA,12,VARESE,10476.0,10354.0
03012141,SANGIANO,12,VARESE,1507.0,1520.0
03012088,LEGGIUNO,12,VARESE,3582.0,3826.0
03012031,CARAVATE,12,VARESE,2632.0,2582.0
03012117,SALTRIO,12,VARESE,3062.0,3041.0
03012139,VIGGIU`,12,VARESE,5247.0,5308.0
03012015,BISUSCHIO,12,VARESE,4293.0,4337.0
03012011,BESANO,12,VARESE,2593.0,2582.0
03012010,BEDERO VALCUVIA,12,VARESE,643.0,667.0
03012113,PORTO CERESIO,12,VARESE,3075.0,3004.0
03012100,MASCIAGO PRIMO,12,VARESE,289.0,298.0
03012051,CITTIGLIO,12,VARESE,4012.0,4012.0
03012131,VALGANNA,12,VARESE,1622.0,1600.0
03012058,CUASSO AL MONTE,12,VARESE,3592.0,3644.0
03012087,LAVENO - MOMBELLO,12,VARESE,9053.0,8901.0
03012099,MARZIO,12,VARESE,308.0,328.0
03012024,BRUSIMPIANO,12,VARESE,1173.0,1227.0
03012097,MARCHIROLO,12,VARESE,3423.0,3462.0
03012086,LAVENA PONTE TRESA,12,VARESE,5622.0,5632.0
03016250,MEDOLAGO,16,BERGAMO,2388.0,2369.0
03016046,CALUSCO D`ADDA,16,BERGAMO,8342.0,8313.0
03108006,BELLUSCO,108,MONZA E DELLA BRIANZA,7217.0,7359.0
03108050,VIMERCATE,108,MONZA E DELLA BRIANZA,25758.0,25839.0
03108051,BUSNAGO,108,MONZA E DELLA BRIANZA,6376.0,6718.0
03016209,SUISIO,16,BERGAMO,3888.0,3843.0
03015221,TREZZO SULL`ADDA,15,MILANO,12249.0,12157.0
03016034,BOTTANUCO,16,BERGAMO,5254.0,5151.0
03097048,MERATE,97,LECCO,14943.0,14863.0
03097039,IMBERSAGO,97,LECCO,2431.0,2423.0
03108016,CARNATE,108,MONZA E DELLA BRIANZA,7270.0,7348.0
03097061,OSNAGO,97,LECCO,4843.0,4850.0
03097091,VERDERIO,97,LECCO,5686.0,5734.0
03020066,VIADANA,20,MANTOVA,19785.0,20023.0
03020037,MOTTEGGIANA,20,MANTOVA,2576.0,2602.0
03020003,BAGNOLO SAN VITO,20,MANTOVA,5926.0,6000.0
03020031,MARCARIA,20,MANTOVA,7027.0,6678.0
03020021,CURTATONE,20,MANTOVA,14482.0,14896.0
03020030,MANTOVA,20,MANTOVA,48612.0,48747.0
03020020,COMMESSAGGIO,20,MANTOVA,1180.0,1125.0
03014035,MADESIMO,14,SONDRIO,566.0,543.0
03014039,MANTELLO,14,SONDRIO,755.0,763.0
03014024,COSIO VALTELLINO,14,SONDRIO,5429.0,5489.0
03014045,MORBEGNO,14,SONDRIO,12071.0,12111.0
03014026,DELEBIO,14,SONDRIO,3215.0,3176.0
03014003,ANDALO VALTELLINO,14,SONDRIO,550.0,560.0
03014025,DAZIO,14,SONDRIO,438.0,443.0
03014005,ARDENNO,14,SONDRIO,3302.0,3262.0
03014010,BUGLIO IN MONTE,14,SONDRIO,2104.0,2035.0
03014019,CHIESA IN VALMALENCO,14,SONDRIO,2626.0,2539.0
03018008,BARBIANELLO,18,PAVIA,888.0,893.0
03018026,CAMPOSPINOSO,18,PAVIA,982.0,1005.0
03018024,BRONI,18,PAVIA,9528.0,9455.0
03018031,CASANOVA LONATI,18,PAVIA,479.0,460.0
03018133,SAN CIPRIANO PO,18,PAVIA,503.0,489.0
03015113,INVERUNO,15,MILANO,8686.0,8612.0
03015144,MESERO,15,MILANO,3915.0,4101.0
03015019,BERNATE TICINO,15,MILANO,3117.0,3077.0
03015229,VANZAGO,15,MILANO,8894.0,9093.0
03015179,PREGNANA MILANESE,15,MILANO,6919.0,7129.0
03015010,ARLUNO,15,MILANO,11601.0,11884.0
03015087,CORNAREDO,15,MILANO,20546.0,20355.0
03015146,MILANO,15,MILANO,1324110.0,1337155.0
03015211,SETTIMO MILANESE,15,MILANO,19464.0,19997.0
03015170,PERO,15,MILANO,10749.0,11026.0
03020022,DOSOLO,20,MANTOVA,3449.0,3502.0
03020043,POMPONESCO,20,MANTOVA,1775.0,1714.0
03020054,SABBIONETA,20,MANTOVA,4357.0,4306.0
03019021,CASALMAGGIORE,19,CREMONA,15073.0,15402.0
03020065,SUZZARA,20,MANTOVA,20648.0,21134.0
03020025,GAZZUOLO,20,MANTOVA,2427.0,2368.0
03020039,PEGOGNAGA,20,MANTOVA,7299.0,7218.0
03020055,SAN BENEDETTO PO,20,MANTOVA,7791.0,7421.0
03020052,RONCOFERRARO,20,MANTOVA,7309.0,7193.0
03020064,SUSTINENTE,20,MANTOVA,2238.0,2133.0
03020007,BOZZOLO,20,MANTOVA,4185.0,4231.0
03020024,GAZOLDO DEGLI IPPOLITI,20,MANTOVA,3033.0,3003.0
03020048,REDONDESCO,20,MANTOVA,1329.0,1307.0
03020001,ACQUANEGRA SUL CHIESE,20,MANTOVA,3061.0,2978.0
03020059,SAN MARTINO DALL`ARGINE,20,MANTOVA,1829.0,1748.0
03020016,CASTELLUCCHIO,20,MANTOVA,5190.0,5238.0
03020045,PORTO MANTOVANO,20,MANTOVA,16123.0,16369.0
03020051,RODIGO,20,MANTOVA,5399.0,5408.0
03020057,SAN GIORGIO DI MANTOVA,20,MANTOVA,9482.0,9595.0
03020071,BORGO VIRGILIO,20,MANTOVA,14855.0,14722.0
03013126,LEZZENO,13,COMO,2054.0,2064.0
03013074,COLONNO,13,COMO,539.0,517.0
03013203,SALA COMACINA,13,COMO,598.0,566.0
03013120,LAINO,13,COMO,524.0,513.0
03013250,BELLAGIO,13,COMO,3798.0,3834.0
03013187,PONNA,13,COMO,266.0,258.0
03013113,GRIANTE,13,COMO,636.0,633.0
03013071,CLAINO CON OSTENO,13,COMO,554.0,549.0
03013021,BENE LARIO,13,COMO,365.0,325.0
03013145,MENAGGIO,13,COMO,3273.0,3157.0
03013189,PORLEZZA,13,COMO,4648.0,4890.0
03013236,VELESO,13,COMO,278.0,244.0
03013011,ARGEGNO,13,COMO,693.0,688.0
03013161,NESSO,13,COMO,1273.0,1258.0
03018175,VERRUA PO,18,PAVIA,1288.0,1293.0
03018002,ALBAREDO ARNABOLDI,18,PAVIA,223.0,245.0
03018092,MEZZANINO,18,PAVIA,1509.0,1463.0
03018081,LINAROLO,18,PAVIA,2716.0,2816.0
03018162,TRAVACO` SICCOMARIO,18,PAVIA,4280.0,4452.0
03018013,BELGIOIOSO,18,PAVIA,6427.0,6208.0
03018169,VALLE SALIMBENE,18,PAVIA,1494.0,1510.0
03018140,SANTA GIULETTA,18,PAVIA,1679.0,1662.0
03018120,REDAVALLE,18,PAVIA,1078.0,1069.0
03015007,ARCONATE,15,MILANO,6499.0,6634.0
03015166,PADERNO DUGNANO,15,MILANO,47695.0,46951.0
03013087,DIZZASCO,13,COMO,578.0,613.0
03013184,PIGRA,13,COMO,270.0,263.0
03013205,SAN FEDELE INTELVI,13,COMO,1778.0,1782.0
03013025,BLESSAGNO,13,COMO,284.0,276.0
03013179,PELLIO INTELVI,13,COMO,1053.0,1013.0
03013194,RAMPONIO VERNA,13,COMO,410.0,451.0
03013217,SORMANO,13,COMO,682.0,627.0
03013246,ZELBIO,13,COMO,218.0,212.0
03097084,VARENNA,97,LECCO,812.0,784.0
03097060,OLIVETO LARIO,97,LECCO,1212.0,1195.0
03013139,MAGREGLIO,13,COMO,666.0,668.0
03013234,VALSOLDA,13,COMO,1639.0,1593.0
03013248,SAN SIRO,13,COMO,1804.0,1754.0
03013077,CORRIDO,13,COMO,823.0,843.0
03013252,TREMEZZINA,13,COMO,5170.0,5153.0
03013207,SAN NAZZARO VAL CAVARGNA,13,COMO,348.0,328.0
03013090,DONGO,13,COMO,3491.0,3436.0
03097023,COLICO,97,LECCO,7561.0,7719.0
03013106,GARZENO,13,COMO,862.0,811.0
03013089,DOMASO,13,COMO,1462.0,1484.0
03013218,STAZZONA,13,COMO,647.0,628.0
03013178,PEGLIO,13,COMO,199.0,169.0
03013092,DOSSO DEL LIRO,13,COMO,275.0,273.0
03013062,CAVARGNA,13,COMO,248.0,228.0
03013233,VAL REZZO,13,COMO,182.0,175.0
03013047,CARLAZZO,13,COMO,2966.0,3130.0
03013204,SAN BARTOLOMEO VAL CAVARGNA,13,COMO,1049.0,1023.0
03013183,PIANELLO DEL LARIO,13,COMO,1050.0,1053.0
03013160,MUSSO,13,COMO,1017.0,983.0
03097063,PAGNONA,97,LECCO,407.0,386.0
03097032,DORIO,97,LECCO,353.0,314.0
03018115,PINAROLO PO,18,PAVIA,1730.0,1714.0
03018111,PIETRA DE` GIORGI,18,PAVIA,939.0,878.0
03018049,CIGOGNOLA,18,PAVIA,1363.0,1362.0
03018029,CANNETO PAVESE,18,PAVIA,1459.0,1368.0
03018153,STRADELLA,18,PAVIA,11674.0,11656.0
03015096,CUGGIONO,15,MILANO,8227.0,8280.0
03015038,BUSCATE,15,MILANO,4793.0,4786.0
03015027,BOLLATE,15,MILANO,36467.0,36264.0
03015009,ARESE,15,MILANO,19506.0,19257.0
03015062,CASTANO PRIMO,15,MILANO,11026.0,11252.0
03015086,CORMANO,15,MILANO,20270.0,20173.0
03015157,NOVATE MILANESE,15,MILANO,20201.0,20195.0
03015250,BARANZATE,15,MILANO,11448.0,11865.0
03015041,BUSTO GAROLFO,15,MILANO,13513.0,13785.0
03015058,CASOREZZO,15,MILANO,5384.0,5479.0
03097081,TREMENICO,97,LECCO,191.0,170.0
03014048,PIANTEDO,14,SONDRIO,1302.0,1359.0
03013107,GERA LARIO,13,COMO,969.0,1017.0
03013111,GRANDOLA ED UNITI,13,COMO,1358.0,1326.0
03013185,PLESIO,13,COMO,853.0,846.0
03013083,CREMIA,13,COMO,718.0,725.0
03013085,CUSINO,13,COMO,245.0,231.0
03013239,VERCANA,13,COMO,754.0,757.0
03013130,LIVO,13,COMO,198.0,182.0
03013249,GRAVEDONA ED UNITI,13,COMO,1358.0,4248.0
03012008,BARASSO,12,VARESE,1751.0,1664.0
03012055,COMERIO,12,VARESE,2668.0,2784.0
03012072,GAVIRATE,12,VARESE,9338.0,9331.0
03012053,COCQUIO - TREVISAGO,12,VARESE,4813.0,4744.0
03012110,ORINO,12,VARESE,866.0,863.0
03012007,AZZIO,12,VARESE,808.0,795.0
03012063,CUVIO,12,VARESE,1688.0,1674.0
03012043,CASTELLO CABIAGLIO,12,VARESE,548.0,582.0
03012062,CUVEGLIO,12,VARESE,3443.0,3428.0
03012037,CASALZUIGNO,12,VARESE,1360.0,1336.0
03012038,CASCIAGO,12,VARESE,3916.0,3841.0
03012093,LUVINATE,12,VARESE,1334.0,1310.0
